Down10v.txt,Down11v.txt,Down12v.txt,Down13v.txt,Down14v.txt,Down15v.txt,Down16v.txt,Down17v.txt,Down18v.txt,Down19v.txt,Down20v.txt,Down5v.txt,Down6v.txt,Down7v.txt,Down8v.txt,Down9v.txt,Blink10v.txt,Blink11v.txt,Blink12v.txt,Blink13v.txt,Blink14v.txt,Blink15v.txt,Blink16v.txt,Blink17v.txt,Blink18v.txt,Blink19v.txt,Blink20v.txt,Blink5v.txt,Blink6v.txt,Blink7v.txt,Blink8v.txt,Blink9v.txt,Right10v.txt,Right11v.txt,Right12v.txt,Right13v.txt,Right14v.txt,Right15v.txt,Right16v.txt,Right17v.txt,Right18v.txt,Right19v.txt,Right20v.txt,Right5v.txt,Right6v.txt,Right7v.txt,Right8v.txt,Right9v.txt,Left10v.txt,Left11v.txt,Left12v.txt,Left13v.txt,Left14v.txt,Left15v.txt,Left16v.txt,Left17v.txt,Left18v.txt,Left19v.txt,Left20v.txt,Left5v.txt,Left6v.txt,Left7v.txt,Left8v.txt,Left9v.txt,Upv.txt,Up11v.txt,Up12v.txt,Up13v.txt,Up14v.txt,Up15v.txt,Up16v.txt,Up17v.txt,Up18v.txt,Up19v.txt,Up20v.txt,Up5v.txt,Up6v.txt,Up7v.txt,Up8v.txt,Up9v.txt
123,120,136,148,118,125,121,131,128,131,122,129,137,133,126,131,130,129,133,128,127,127,133,127,129,125,127,141,139,124,130,134,117,129,124,120,121,125,134,145,133,130,135,125,122,136,118,136,129,128,122,125,135,126,141,130,124,130,123,123,123,125,128,133,128,131,119,125,126,122,126,125,124,127,137,120,130,126,127,129
122,132,130,150,112,132,121,129,129,128,126,136,126,137,122,129,133,126,133,133,124,126,123,130,131,123,133,135,133,126,135,140,120,133,127,122,118,120,129,144,135,133,134,120,124,131,116,132,129,130,123,126,127,134,135,135,132,127,120,130,127,121,129,134,121,122,123,126,137,127,132,122,124,127,131,129,129,131,119,122
127,120,141,139,121,131,117,123,132,125,122,138,125,129,137,129,124,137,126,128,128,129,131,129,120,127,126,136,134,125,128,139,118,131,124,122,115,121,138,143,129,134,126,127,119,128,126,136,137,126,126,121,135,140,148,126,132,125,135,127,120,122,130,128,129,129,132,126,131,121,129,133,127,127,132,126,135,129,125,130
130,127,136,144,120,125,123,135,129,127,124,134,124,129,125,131,132,131,127,133,125,128,128,130,124,128,127,145,132,122,136,142,122,135,129,120,122,128,131,144,129,132,133,130,118,133,119,136,122,127,122,125,126,132,138,134,131,127,126,121,123,126,124,132,130,130,123,127,128,123,129,126,126,128,131,123,123,130,125,130
123,126,137,144,116,131,122,121,131,123,128,133,133,129,127,137,134,133,131,131,127,126,128,125,130,128,128,134,137,127,134,132,122,136,128,123,122,128,129,146,127,124,132,124,116,125,123,139,134,126,124,120,127,136,135,135,129,125,126,125,120,124,129,127,118,126,122,124,126,123,130,126,123,129,131,127,131,130,126,122
123,125,135,144,115,128,119,126,135,125,120,140,128,128,126,127,128,133,126,130,128,130,125,128,127,124,132,139,135,120,134,140,118,141,127,118,115,126,131,141,129,128,132,129,123,128,121,136,133,132,128,121,132,136,142,126,129,133,136,129,119,119,132,130,125,134,128,122,135,123,130,129,126,124,126,127,130,131,126,124
127,120,144,139,119,129,121,132,124,133,124,141,125,125,128,128,135,129,130,128,128,132,126,128,124,123,127,138,130,129,127,137,122,131,128,116,118,125,138,138,128,129,135,129,123,130,123,135,128,132,122,120,129,131,142,131,123,124,127,124,121,125,131,123,133,127,120,123,128,125,130,123,124,127,130,124,129,130,121,126
128,125,133,148,116,128,124,124,131,127,124,137,129,132,130,135,131,134,131,132,124,125,137,130,132,119,133,137,132,122,130,142,122,133,122,125,117,127,131,148,134,131,131,122,121,131,118,136,126,134,122,123,135,135,134,136,133,130,129,128,124,125,129,132,127,129,120,125,129,122,129,124,120,130,131,126,124,129,127,128
125,122,143,142,118,133,124,131,134,126,123,138,128,136,133,131,135,133,127,132,127,128,127,128,124,122,129,139,138,126,129,139,119,134,124,118,128,122,135,142,136,135,133,123,120,127,119,129,133,131,130,121,132,135,138,126,127,126,131,125,115,122,134,132,128,127,130,125,127,125,130,124,123,128,129,127,130,131,129,119
125,118,144,146,115,136,118,132,120,124,127,140,127,127,127,129,126,134,127,128,122,125,132,129,125,120,133,135,132,128,133,140,122,133,126,113,118,128,138,141,127,132,137,130,119,132,124,131,133,127,123,116,133,132,142,131,130,129,123,121,125,126,127,126,128,124,125,125,134,119,127,130,127,130,131,131,127,126,121,126
127,121,134,145,120,131,121,128,124,129,123,133,125,135,124,130,133,126,126,132,132,122,134,127,127,126,123,138,136,125,126,135,123,133,126,121,118,129,137,143,131,125,134,124,121,136,114,136,126,133,127,122,132,134,138,134,124,125,126,127,121,123,130,137,126,131,120,125,125,122,122,121,125,126,134,125,125,134,128,125
125,122,133,142,116,130,124,127,134,121,131,134,126,129,131,134,128,133,136,134,124,127,122,125,127,128,129,139,136,125,133,138,118,140,129,118,119,120,133,147,135,130,131,126,113,130,119,137,128,129,125,124,128,135,140,131,134,127,126,128,120,125,129,129,125,121,123,128,129,128,128,125,126,131,123,130,127,132,133,117
128,120,143,145,117,132,118,131,126,128,122,134,128,129,126,124,135,134,124,128,127,128,134,129,121,128,128,131,134,125,128,142,117,127,124,116,119,124,137,144,130,137,137,129,116,138,125,139,135,124,128,113,129,140,143,127,133,126,127,126,123,119,134,123,126,132,123,129,133,116,124,129,132,127,131,125,131,128,124,124
122,127,138,146,114,132,124,130,124,128,123,135,127,129,128,125,129,130,127,126,127,126,132,126,130,128,123,140,137,126,134,138,119,132,125,122,121,127,137,143,129,126,133,127,126,129,121,135,123,127,119,119,134,132,141,135,128,130,126,126,128,124,123,127,131,129,122,122,131,122,127,123,118,130,129,125,126,129,125,122
124,128,137,147,119,122,124,130,133,125,132,131,130,135,127,131,135,138,131,132,123,126,126,137,126,125,133,132,131,131,132,143,123,139,129,121,119,124,141,145,134,132,132,125,119,135,116,132,135,133,123,120,126,135,132,134,129,132,125,130,120,122,134,130,126,125,120,130,129,126,126,122,125,130,133,129,131,133,124,127
126,125,139,141,120,131,119,132,135,124,125,140,125,128,130,125,124,131,125,132,128,129,127,126,129,129,129,136,138,127,133,138,116,133,130,118,112,124,134,141,127,134,129,125,119,130,119,140,131,134,129,121,132,140,144,128,126,132,130,123,118,125,129,126,129,128,119,126,133,122,130,124,129,130,128,130,129,132,127,119
129,119,135,146,123,128,120,129,121,133,123,134,131,125,124,124,133,133,134,134,127,124,130,129,127,121,126,139,134,128,130,144,130,132,121,114,125,127,135,142,133,129,132,126,119,137,121,140,129,130,122,115,128,131,148,134,130,130,120,126,121,126,131,131,129,133,117,116,132,123,125,124,128,128,135,128,125,125,129,125
122,125,135,144,118,129,126,128,127,129,127,131,130,129,127,132,139,132,130,131,132,129,129,130,124,122,128,131,134,120,130,135,121,138,125,116,116,126,133,143,138,130,130,125,119,128,116,130,128,136,124,126,127,134,132,128,126,128,129,125,124,124,130,132,129,132,120,125,133,125,128,114,125,130,129,131,126,135,133,122
123,125,139,138,119,131,118,128,131,125,130,136,129,140,132,126,124,131,130,131,123,124,125,126,131,121,136,142,144,132,126,138,119,135,130,126,117,127,136,146,135,139,130,119,115,128,125,138,133,125,128,124,133,139,138,133,135,125,125,129,123,126,132,128,129,129,119,128,134,122,129,121,124,130,129,133,129,132,132,118
130,118,139,139,122,134,123,137,129,124,124,138,126,126,135,129,134,130,122,124,134,131,132,136,121,124,125,135,133,122,131,138,121,135,125,125,123,127,134,146,134,127,129,125,122,128,121,132,130,130,126,116,133,142,136,128,127,131,122,124,122,126,130,126,131,129,123,123,131,129,130,125,128,126,131,133,125,135,129,123
129,129,146,148,118,127,125,125,126,128,125,138,134,129,124,135,134,125,130,133,127,121,134,128,129,122,133,140,138,129,126,142,118,137,128,120,123,122,131,148,141,131,130,125,123,130,117,141,127,133,122,125,134,130,136,136,131,121,129,128,126,120,127,133,126,130,118,128,129,120,124,115,120,125,131,127,123,132,130,127
118,125,137,143,118,125,125,128,127,127,122,138,125,130,127,132,132,132,127,131,129,129,127,131,127,130,127,134,131,128,135,138,121,137,124,121,123,118,132,147,136,135,129,125,124,128,121,137,135,133,125,125,132,134,136,129,131,130,127,126,121,123,133,129,130,124,122,127,133,128,129,117,125,125,129,127,132,139,133,118
126,119,137,137,122,130,120,131,128,125,119,138,125,121,132,122,135,134,126,129,130,129,132,130,124,123,130,133,142,128,130,143,122,132,129,123,113,123,134,141,129,134,133,125,120,129,116,143,128,127,127,117,137,137,138,127,131,129,124,124,119,125,134,127,129,128,124,121,133,119,129,126,124,126,130,131,125,128,127,122
133,122,140,142,118,126,124,134,130,132,123,141,129,131,128,131,128,128,124,132,131,119,133,127,129,118,126,130,127,126,130,136,123,133,127,123,120,124,131,141,133,130,130,123,123,124,119,142,130,133,123,122,127,130,131,133,131,121,129,128,122,122,130,129,128,132,121,122,131,122,129,119,124,134,130,122,125,137,127,125
129,128,138,137,119,125,128,122,128,127,129,138,133,130,129,136,136,132,130,135,125,127,131,135,126,129,130,139,136,126,127,145,126,139,123,122,120,122,128,147,136,135,126,121,114,129,120,136,131,133,122,128,130,133,137,135,124,138,126,125,124,129,134,134,127,130,119,123,129,128,130,118,126,127,129,129,126,130,128,117
128,122,139,137,121,134,120,131,126,124,124,138,129,126,131,127,125,132,129,129,129,133,123,124,124,118,131,136,136,132,125,138,124,135,126,118,122,121,133,145,138,132,133,123,116,128,122,138,133,130,131,122,133,131,136,124,133,131,134,128,120,122,137,128,130,131,122,126,137,118,128,129,129,131,132,129,132,131,129,117
133,118,136,145,122,126,125,124,127,130,125,133,129,126,132,123,132,129,131,135,127,119,138,133,123,124,124,138,144,126,125,145,130,133,129,119,122,126,136,142,132,128,137,123,124,126,125,139,132,131,119,120,129,132,136,128,124,126,123,131,125,126,130,137,134,132,124,125,129,123,130,129,124,128,135,123,128,130,126,123
126,125,136,141,116,130,121,128,126,128,126,137,137,134,128,136,131,130,126,132,128,127,130,134,129,125,128,141,131,134,123,141,123,137,126,124,119,122,138,145,134,132,135,123,115,128,119,138,132,131,126,125,138,131,143,139,130,135,121,129,126,123,129,130,127,127,124,128,136,127,124,125,125,128,128,129,129,134,130,128
125,127,136,140,116,130,119,129,125,125,127,136,126,133,127,130,131,130,130,131,135,133,129,125,123,123,130,132,138,124,129,137,121,137,126,120,118,122,139,144,133,133,125,126,110,128,126,135,133,129,128,123,130,129,132,128,129,128,129,128,127,125,132,133,133,123,125,133,133,123,128,129,124,133,128,133,128,136,129,114
129,119,140,143,129,133,122,139,121,126,130,137,128,124,133,126,129,136,127,126,136,122,130,133,128,128,130,133,134,132,125,144,127,137,125,121,117,122,135,144,131,131,133,127,114,134,121,141,131,129,128,118,129,138,142,134,128,118,120,128,126,124,129,131,129,128,121,123,136,122,125,132,123,131,129,131,130,141,121,123
130,121,136,149,120,125,128,127,127,127,127,139,126,127,123,135,133,130,129,131,135,132,135,124,128,124,133,133,136,123,125,138,125,133,131,122,116,124,131,148,131,135,136,126,123,135,123,138,129,130,121,125,128,131,127,139,133,126,127,125,128,125,128,128,129,128,120,129,130,126,119,127,126,133,128,121,128,138,127,123
120,128,138,138,121,128,126,125,132,119,131,140,133,135,128,133,130,132,133,136,129,126,123,134,127,123,128,140,136,131,130,138,127,138,126,117,123,119,132,147,132,132,133,124,120,128,121,141,134,131,127,125,130,130,136,128,135,128,129,130,118,126,132,135,128,128,126,127,134,127,124,130,128,131,128,131,128,139,129,122
129,124,136,142,117,129,122,127,127,130,131,140,134,130,130,129,133,133,125,127,128,130,126,127,123,123,132,133,135,126,124,140,119,133,128,123,121,121,134,145,127,132,135,121,120,129,124,142,131,130,126,120,134,136,137,134,129,128,125,127,125,126,135,124,131,130,125,127,134,120,130,127,128,122,126,126,128,134,125,121
132,123,134,143,116,126,126,130,127,129,126,135,128,127,123,131,128,129,133,133,126,123,133,132,134,123,130,137,135,126,134,136,127,133,123,123,120,121,130,146,133,128,136,123,117,128,118,134,134,133,121,123,131,132,136,128,134,127,123,121,128,129,127,135,130,128,119,126,126,121,123,126,122,132,135,127,122,131,126,125
125,119,140,143,119,123,121,132,127,121,130,134,127,133,134,139,132,132,127,133,132,130,127,129,129,127,136,137,136,125,126,143,119,145,127,122,119,117,130,144,136,133,132,122,118,125,120,138,130,135,126,129,131,132,137,129,130,130,133,132,120,126,134,127,131,131,122,131,135,125,126,126,132,130,129,128,127,136,124,119
125,117,137,131,117,133,121,125,130,126,126,137,129,135,138,128,133,134,130,133,132,127,121,130,121,121,128,135,137,131,128,141,127,136,128,120,116,114,133,145,133,131,131,125,120,126,122,138,138,131,133,122,132,139,146,123,136,133,132,129,122,123,135,136,132,127,126,126,134,121,125,129,133,129,131,134,128,131,126,120
134,122,133,138,125,128,128,136,124,131,127,140,134,130,130,129,130,126,123,133,135,128,134,127,129,121,133,131,139,126,124,135,123,138,126,118,125,129,128,138,133,128,135,120,120,132,124,136,129,130,124,121,132,132,140,131,136,124,129,126,133,127,132,128,135,131,125,126,132,127,120,126,124,134,130,122,122,138,125,123
130,127,136,140,117,132,124,127,128,132,126,135,126,130,128,134,139,128,132,136,131,122,127,134,128,120,125,134,138,132,128,141,132,139,126,123,115,119,132,146,131,132,126,119,121,133,116,135,134,135,127,127,133,128,141,138,132,131,125,133,124,124,130,133,126,125,125,128,130,123,126,122,126,133,131,132,126,138,131,122
122,126,136,134,124,129,121,132,137,126,125,140,123,132,134,125,131,135,129,129,127,132,125,127,123,128,134,136,139,127,125,140,123,128,130,126,114,121,137,143,131,136,130,122,115,133,126,138,134,129,135,126,131,130,131,133,133,125,126,130,120,123,132,128,134,126,128,126,135,125,131,125,132,135,129,131,130,138,134,120
137,122,139,142,122,128,125,139,125,126,124,139,130,128,125,128,130,128,127,133,135,123,128,130,130,120,126,138,134,131,127,136,131,134,127,118,119,119,135,141,129,132,132,121,117,128,125,133,131,131,125,121,135,135,137,133,127,127,127,119,124,130,131,128,129,134,122,129,130,123,127,123,124,133,129,129,128,138,127,122
131,128,134,141,120,124,129,126,126,129,133,132,128,126,117,137,132,136,125,129,126,130,133,132,125,125,125,136,130,120,131,140,127,136,126,123,122,110,133,145,133,126,130,123,120,129,116,141,127,135,128,127,127,132,133,144,137,128,125,132,120,120,131,134,128,131,115,123,130,128,126,127,121,135,137,126,125,140,135,121
128,124,141,137,117,125,123,127,129,121,126,138,128,135,127,130,132,130,130,133,130,123,122,132,130,126,134,137,137,131,124,134,128,136,124,125,124,121,139,147,133,134,129,117,117,125,123,131,132,134,127,124,132,134,133,133,128,131,125,128,125,128,132,130,129,126,125,130,135,127,128,126,116,131,129,131,131,139,128,119
128,124,140,140,123,132,119,133,129,132,129,137,129,129,127,128,126,134,119,124,131,131,129,132,128,122,129,135,139,132,131,141,125,136,129,116,116,114,131,145,134,127,129,125,125,132,120,138,132,130,131,121,130,139,144,129,137,132,128,128,125,123,140,130,133,128,125,125,133,123,128,131,129,134,133,127,128,133,131,122
136,121,139,137,122,123,127,135,122,125,127,134,139,127,121,129,135,132,130,132,129,123,130,130,132,125,127,136,132,130,120,136,128,135,125,115,119,124,136,145,135,130,135,121,123,134,123,138,132,132,122,120,133,133,138,135,129,124,122,122,130,125,130,129,127,124,123,128,130,128,125,123,121,135,134,126,126,136,129,127
124,128,143,134,120,130,121,128,126,118,131,138,129,129,135,135,131,129,127,136,134,128,129,134,127,125,131,135,140,124,129,143,126,137,128,124,123,115,135,146,139,136,128,117,121,126,121,135,134,135,127,123,133,135,134,132,139,125,128,127,126,124,134,131,128,124,126,126,130,127,125,128,128,135,129,129,126,138,131,120
132,122,143,139,122,127,119,131,129,124,129,140,128,130,132,127,135,134,132,130,128,133,137,126,128,118,133,137,134,132,123,137,122,142,129,122,119,115,133,143,129,128,136,120,119,126,122,141,134,127,131,120,131,139,142,131,132,134,131,126,125,118,133,131,131,125,126,130,135,125,125,124,125,130,132,128,125,132,132,122
135,119,140,139,123,131,131,135,127,133,132,138,131,132,131,127,127,130,131,131,130,121,131,134,126,123,131,135,137,129,123,144,128,135,130,119,115,122,134,141,135,130,137,124,119,129,120,135,126,136,124,125,133,134,135,135,129,120,130,131,125,124,130,131,132,130,123,125,133,128,126,122,120,130,130,126,118,141,128,120
126,129,135,136,119,124,126,129,128,123,135,137,137,129,131,133,139,132,126,129,133,129,135,132,133,129,134,132,137,126,125,137,122,133,128,127,128,121,130,146,133,138,133,120,114,121,121,140,132,133,125,127,135,132,132,132,136,131,124,128,130,121,134,133,128,125,125,128,133,129,130,124,125,135,129,131,127,138,125,123
132,128,139,134,125,132,124,128,126,129,127,145,131,127,136,131,131,130,129,134,128,130,125,127,123,125,130,133,136,130,127,137,120,132,128,120,118,117,135,142,131,132,132,120,118,127,122,137,131,134,133,124,127,139,145,133,131,130,134,129,124,126,134,131,131,129,124,128,131,125,131,121,125,128,128,129,130,134,135,113
133,121,136,134,124,129,125,136,122,125,126,140,133,130,124,134,132,136,129,133,132,131,135,139,129,123,130,141,140,127,121,148,129,137,124,120,119,123,133,143,136,131,136,127,116,125,132,143,130,128,121,118,130,134,132,133,137,122,127,124,125,127,128,131,130,133,124,126,129,124,124,130,124,130,135,125,120,138,124,120
132,126,137,141,117,123,129,127,125,128,130,132,129,131,129,135,139,132,130,137,129,125,130,134,123,132,128,130,128,128,128,132,126,134,127,124,116,121,129,147,137,132,131,119,119,126,117,141,126,134,124,125,134,129,131,142,126,134,126,132,129,128,132,132,127,131,122,128,131,127,130,120,124,134,132,127,127,138,128,123
128,122,140,129,123,125,123,130,130,122,124,137,129,132,132,130,128,133,128,131,133,125,127,130,132,122,129,137,143,132,125,139,121,145,130,123,128,117,130,143,132,130,132,120,116,124,123,154,129,130,132,127,130,132,135,139,135,130,130,125,128,126,135,129,131,126,129,130,130,122,124,126,124,132,131,131,130,136,133,120
137,119,142,135,122,133,125,131,126,120,128,143,130,133,131,125,131,137,129,131,129,129,134,127,127,125,130,130,140,125,122,144,125,150,126,117,119,117,131,141,133,131,133,124,117,130,121,161,138,130,127,120,130,135,137,130,127,129,130,125,129,126,134,129,127,132,127,127,136,124,127,127,126,132,127,133,123,136,130,125
133,125,137,138,129,126,123,129,128,124,129,136,129,131,123,139,135,130,127,131,134,123,130,135,125,124,124,139,129,129,127,137,123,158,132,123,121,119,132,143,132,129,131,124,124,128,125,171,127,132,124,129,125,131,139,135,135,130,122,129,130,125,134,129,128,133,125,134,131,125,123,125,124,135,136,128,124,139,132,127
130,127,140,136,115,124,127,131,125,120,127,133,130,129,136,133,130,133,133,128,127,130,128,127,131,126,134,136,144,127,126,139,129,172,135,126,122,123,134,146,137,131,125,117,115,126,123,174,135,130,133,125,129,141,135,125,132,123,132,126,122,127,131,131,129,125,125,127,133,128,127,119,122,134,129,131,128,137,135,120
135,121,138,132,119,133,120,131,131,125,127,140,128,133,130,133,131,135,123,132,132,125,134,129,126,121,128,133,133,132,120,138,122,171,125,122,124,121,139,141,129,137,131,119,116,122,126,186,138,125,133,119,128,139,138,129,132,128,131,131,122,128,135,127,134,126,130,133,138,124,127,125,130,134,130,135,123,135,131,119
134,119,135,142,125,128,125,135,122,124,127,133,136,132,122,131,138,125,135,132,132,123,130,136,132,126,132,136,143,131,127,134,126,176,127,120,124,119,133,149,134,130,131,124,125,129,130,184,127,130,120,122,129,131,134,129,132,116,124,127,128,130,132,132,132,128,118,127,131,124,123,125,120,135,129,133,121,137,129,122
125,126,137,131,116,132,125,128,123,125,130,143,126,130,127,131,130,133,130,132,131,133,133,130,127,122,141,137,131,121,128,140,125,184,127,119,121,113,133,145,134,129,124,118,117,116,120,189,131,133,128,122,131,137,140,134,135,129,125,127,128,127,128,131,129,127,124,130,132,127,125,124,124,132,133,133,120,137,132,121
130,122,141,132,121,128,124,135,133,131,123,140,130,127,131,131,133,132,124,133,133,125,128,131,130,129,131,135,141,136,129,141,120,193,130,124,122,119,135,148,132,132,129,123,120,128,125,188,132,130,128,124,133,138,140,129,132,134,127,128,127,124,131,128,130,128,128,127,136,123,126,127,128,132,124,128,123,133,136,117
139,123,140,140,125,129,124,132,127,126,129,134,130,134,124,129,136,135,129,126,134,124,132,127,126,122,135,134,131,127,127,137,128,193,126,117,126,119,133,141,133,134,135,128,124,127,127,187,125,126,123,120,132,131,133,129,139,124,121,132,128,123,131,134,136,129,127,124,129,124,126,126,129,128,132,127,122,137,128,122
128,119,135,135,118,127,128,128,125,128,137,134,136,135,124,133,134,129,123,128,131,125,130,137,130,125,135,132,134,127,125,141,123,197,124,121,122,121,130,145,140,130,131,121,120,125,123,198,131,135,123,127,130,133,137,141,125,131,124,129,131,125,132,129,129,132,123,133,134,125,124,122,121,131,134,128,122,139,130,124
136,122,143,129,121,125,122,135,124,122,129,137,126,129,134,132,134,132,133,134,132,124,125,128,131,126,139,140,140,129,122,136,124,194,131,122,122,120,135,142,132,132,131,122,115,123,125,197,132,123,133,124,134,140,136,131,138,131,125,130,126,121,134,133,133,121,126,130,130,123,122,126,127,132,123,129,127,137,133,121
135,125,140,132,122,126,125,131,125,125,125,138,137,131,129,130,131,136,125,128,128,123,129,135,127,125,134,135,138,127,128,141,128,204,120,119,119,120,134,143,137,129,132,127,119,125,118,195,137,133,121,124,125,138,138,129,131,129,120,131,129,127,134,130,134,130,129,123,134,123,125,129,128,127,133,127,119,136,130,128
139,123,133,140,121,126,127,128,122,125,133,141,132,129,126,133,136,131,127,135,137,129,129,129,129,124,133,131,130,120,121,132,130,198,125,116,120,122,135,143,135,129,128,124,114,125,119,196,130,131,128,130,127,127,138,138,129,123,128,130,127,127,130,132,129,127,122,134,128,125,125,116,123,130,132,128,124,141,131,125
130,131,136,128,118,124,125,136,129,121,124,140,128,128,132,131,136,134,130,131,130,129,132,139,130,126,145,138,139,135,127,142,124,191,125,119,120,120,134,148,136,132,124,117,116,124,122,197,135,129,126,122,130,134,132,128,133,122,128,126,128,122,133,135,131,129,127,130,135,127,126,120,124,136,129,134,124,136,133,122
127,129,134,132,122,130,126,137,128,132,121,141,128,127,134,131,132,130,124,130,131,128,133,130,125,120,137,128,140,130,131,136,130,188,129,120,118,120,135,141,129,135,128,118,120,128,128,189,132,123,127,126,130,135,140,133,134,130,127,130,126,126,131,125,132,125,125,127,132,122,127,128,124,129,130,128,125,136,130,123
137,122,134,138,122,131,127,132,122,131,122,139,131,128,125,135,133,128,133,133,132,129,130,130,124,124,142,136,132,131,121,140,127,190,121,122,122,115,132,147,133,132,128,125,120,130,124,198,135,134,128,122,131,133,134,128,132,121,125,128,128,123,131,130,134,129,123,127,131,130,122,123,121,130,131,127,117,140,130,118
129,130,130,132,119,127,125,135,126,123,129,144,128,128,126,132,136,136,130,138,135,125,136,139,126,126,144,141,139,134,130,141,129,183,129,122,126,113,133,151,133,133,130,123,120,123,119,190,133,130,127,125,134,132,130,135,132,131,123,133,130,126,131,132,126,126,125,129,129,125,129,128,124,135,130,128,122,138,131,121
130,128,143,128,117,126,124,128,128,130,123,136,135,128,133,128,132,138,123,130,134,127,128,132,132,117,138,127,143,132,127,137,121,183,131,119,124,113,136,155,136,127,136,125,118,128,119,203,133,124,132,120,132,137,137,127,136,132,130,129,126,118,130,138,138,129,132,127,133,127,125,129,125,130,124,130,125,134,137,123
136,119,136,134,122,133,124,134,122,127,132,132,127,123,124,134,130,135,134,130,133,133,129,130,123,119,130,137,135,130,127,139,128,177,126,119,121,122,137,161,134,128,130,125,120,126,125,188,129,128,128,127,131,133,138,133,133,127,125,129,128,111,135,129,129,127,125,124,132,125,125,124,125,132,133,132,116,138,131,133
129,130,131,131,120,122,132,129,127,126,126,141,132,123,133,130,135,129,129,134,129,123,126,134,130,122,137,132,138,125,127,135,131,165,127,118,120,119,135,176,134,129,129,119,114,124,119,170,129,127,127,125,135,131,131,136,130,129,127,129,128,106,129,134,126,128,123,129,129,125,128,120,125,135,134,132,122,136,132,127
125,126,133,126,117,125,121,128,128,129,131,139,127,132,130,129,129,136,130,136,133,127,137,129,127,124,136,137,140,128,124,140,127,149,128,120,120,113,137,186,132,136,127,123,118,126,123,167,132,126,134,123,132,138,138,131,140,127,126,128,129,87,137,124,132,123,128,130,131,130,129,125,125,131,131,135,121,136,135,130
138,122,142,137,126,132,124,133,124,127,132,139,131,123,132,134,129,130,123,128,131,119,131,132,125,122,132,135,132,129,127,141,128,146,125,120,116,120,138,192,128,136,130,138,121,125,128,158,133,132,121,123,130,137,143,128,129,126,129,133,130,85,127,132,138,131,127,127,132,121,127,124,126,134,132,132,124,135,133,125
131,130,135,133,120,118,121,133,124,133,128,134,131,126,130,133,132,134,131,138,137,126,129,133,126,122,133,132,138,124,129,131,132,133,129,120,126,116,130,199,135,126,132,139,119,123,117,144,131,133,133,129,128,130,129,133,132,127,114,127,128,82,130,131,131,126,121,129,129,129,124,122,126,129,130,129,118,137,134,128
126,126,141,131,123,131,122,132,130,120,130,143,119,118,130,133,134,132,123,129,133,125,122,130,129,128,131,133,137,133,127,138,129,135,127,123,126,114,134,197,135,133,136,148,123,121,122,146,130,132,130,123,132,136,136,133,131,125,104,130,124,72,133,128,130,131,125,131,131,130,128,123,127,137,126,127,124,139,138,119
136,120,138,129,125,128,126,137,122,132,131,137,130,121,135,130,132,132,132,125,137,125,128,129,116,123,129,137,136,134,124,138,132,131,125,117,119,124,135,200,128,127,134,155,126,127,125,139,130,128,130,122,131,133,140,126,139,128,97,131,132,70,134,134,132,127,127,125,131,124,129,124,126,131,131,129,121,134,133,124
134,123,138,134,119,124,123,131,123,124,124,135,133,124,124,133,132,130,127,126,135,125,132,134,127,122,127,137,131,124,129,140,133,132,127,122,124,116,134,205,134,136,134,165,137,125,117,145,129,126,127,124,130,126,133,136,124,121,93,127,131,74,129,130,132,132,122,132,127,131,125,122,124,135,133,125,117,141,133,123
130,128,132,129,114,124,126,136,126,124,127,142,127,121,133,132,136,137,134,133,131,127,128,135,130,129,131,138,138,124,132,133,132,136,128,124,124,116,131,210,135,137,138,164,144,125,127,137,130,131,130,123,135,115,131,136,133,131,89,129,130,68,134,135,129,127,127,129,133,129,128,122,126,139,132,128,126,139,136,129
133,125,136,129,117,128,123,134,128,128,128,139,128,120,132,132,125,128,122,126,137,128,129,131,123,118,137,136,131,128,124,139,127,135,129,118,119,118,137,207,126,129,136,172,150,127,124,144,135,119,130,122,134,111,137,128,136,124,81,132,127,69,133,118,129,125,132,129,130,125,132,118,131,133,129,133,131,132,137,120
133,124,132,136,126,134,123,137,125,128,124,135,134,126,131,130,131,126,128,127,131,127,131,130,133,123,131,134,139,132,129,140,127,127,125,114,117,118,136,208,132,126,133,184,151,131,125,140,132,122,123,122,126,99,134,122,129,128,77,132,133,67,131,117,133,127,125,129,125,126,125,118,121,132,132,129,117,142,130,126
135,130,136,133,125,119,129,127,122,128,130,134,131,125,132,132,133,132,129,134,135,129,129,130,127,131,135,138,140,121,127,131,129,130,128,126,125,120,135,207,137,137,129,173,168,137,120,139,139,136,129,121,132,97,130,136,137,128,79,131,130,68,134,109,126,129,124,135,126,132,125,114,124,136,128,132,124,139,134,131
131,124,134,130,122,125,125,137,127,127,121,144,127,125,132,128,124,135,126,126,125,123,132,129,125,125,132,137,135,134,122,135,137,139,129,128,120,115,136,214,127,130,129,182,162,141,121,142,132,128,136,130,121,95,140,125,136,126,74,132,127,67,132,100,132,127,132,129,131,123,128,114,124,136,127,133,120,134,135,123
129,122,141,133,130,130,124,132,120,128,124,134,129,125,133,124,132,131,128,130,134,131,130,130,126,127,134,132,139,128,127,136,147,131,123,125,119,113,140,207,131,129,130,175,176,153,123,135,134,127,124,120,116,86,129,124,133,130,74,125,130,68,130,92,135,123,126,130,122,127,130,114,125,133,125,129,124,138,137,126
137,126,132,134,120,117,126,138,125,124,136,134,130,123,124,136,129,132,131,132,133,124,135,134,130,127,137,143,135,125,128,140,159,129,127,138,117,115,124,209,134,129,129,182,178,153,120,138,131,131,129,125,102,89,133,126,129,126,73,135,133,68,132,88,128,131,127,131,124,129,128,111,122,138,132,124,120,140,139,128
132,127,137,121,127,130,126,134,126,125,122,141,133,125,127,131,134,134,127,127,130,128,127,134,128,126,135,138,131,133,127,134,158,132,131,147,129,109,132,211,138,131,133,182,181,163,119,136,132,130,133,129,94,83,129,136,140,130,69,131,128,73,131,85,137,125,130,132,121,129,134,112,129,137,132,132,128,141,136,126
136,124,140,129,123,128,125,138,123,127,127,139,132,125,132,127,127,132,124,134,140,125,130,132,126,123,136,136,136,127,128,139,175,127,127,153,118,115,133,203,128,136,136,187,174,173,120,139,128,119,127,122,89,81,137,128,128,127,68,126,136,74,132,82,132,129,133,130,124,129,128,112,125,134,130,133,123,133,135,129
130,122,129,133,127,126,125,137,127,130,129,132,132,125,132,137,131,129,127,130,130,130,134,137,128,130,129,133,139,128,129,133,171,131,124,163,124,124,135,204,136,132,130,177,184,173,124,134,123,122,127,122,83,80,131,136,133,122,73,131,133,72,134,77,137,130,127,130,119,129,125,105,121,135,132,128,112,140,132,130
136,125,137,134,116,128,125,132,124,123,126,135,126,123,133,131,133,136,129,134,137,128,127,134,127,128,136,133,138,122,129,146,181,131,126,172,135,110,138,215,132,131,125,174,185,177,123,139,131,127,136,124,80,80,128,128,132,131,69,125,128,76,134,79,130,126,130,132,123,127,125,107,128,132,133,130,125,139,138,128
130,129,138,125,125,126,122,131,119,132,125,144,134,133,127,128,122,134,124,125,133,125,132,125,130,126,136,139,135,133,122,132,175,128,125,172,139,116,135,205,130,132,133,178,185,173,131,138,129,123,125,126,76,83,138,121,135,121,74,127,126,71,134,74,134,131,126,133,127,121,130,112,128,130,127,131,130,136,134,122
136,123,132,126,124,132,135,130,112,133,125,135,132,138,135,133,136,133,129,128,134,125,126,136,122,130,133,137,136,129,121,138,190,118,124,176,152,123,135,209,135,130,131,178,185,175,122,136,130,124,129,126,75,81,126,110,127,106,72,129,132,75,133,77,136,131,126,126,124,125,127,111,122,133,132,124,122,143,137,133
119,130,128,131,121,126,123,133,120,122,132,137,125,139,131,130,133,133,127,130,130,126,136,134,129,123,140,139,143,122,129,139,186,126,126,181,160,117,136,202,136,128,125,167,183,166,121,135,131,123,125,120,72,80,129,98,135,106,75,131,132,73,132,78,128,125,124,132,121,128,128,108,126,135,127,128,125,142,140,132
125,127,137,124,129,127,124,132,118,118,125,144,122,139,135,129,129,130,125,133,136,126,125,130,125,127,141,139,141,132,112,137,190,120,125,174,161,118,147,189,135,135,132,166,175,176,124,128,135,129,116,111,70,83,137,88,131,99,74,131,127,72,137,78,135,127,127,134,127,130,127,116,128,134,127,132,124,139,143,124
121,119,132,133,128,135,124,137,111,119,126,138,136,141,128,129,129,136,130,125,133,123,135,134,123,128,134,134,129,137,125,145,186,125,123,173,163,115,154,173,131,136,138,151,189,172,123,132,134,122,110,98,82,84,130,86,128,89,78,127,117,77,132,82,130,132,128,122,128,124,128,116,120,135,129,134,124,138,137,132
123,123,134,130,129,122,127,129,118,120,127,139,135,137,130,130,136,124,127,128,137,124,130,133,130,119,139,133,137,122,126,136,196,120,131,175,173,115,164,167,133,132,127,137,183,169,121,127,126,137,101,93,80,85,132,89,136,93,70,127,110,79,133,80,130,128,125,138,128,136,127,112,126,134,134,129,126,143,140,134
120,132,129,128,122,130,132,136,113,116,123,135,127,134,134,137,126,137,125,125,135,123,134,138,126,128,136,140,135,128,126,138,186,118,133,178,171,115,171,153,129,134,132,119,185,154,123,123,131,124,96,90,78,82,130,79,132,87,78,120,97,80,135,75,133,124,132,129,134,127,130,113,130,136,128,133,125,135,135,125
121,123,145,129,121,126,124,133,113,119,123,130,132,140,124,129,136,130,123,121,134,127,130,131,125,117,131,133,138,128,123,144,184,123,130,174,171,121,178,149,128,130,132,127,179,141,130,125,135,123,86,79,75,83,135,85,130,79,81,112,104,96,134,82,135,129,130,124,135,130,127,118,126,133,132,132,123,138,134,131
121,123,129,130,122,126,130,135,112,113,134,127,129,139,129,126,130,133,130,127,134,122,141,132,125,127,137,135,131,124,128,129,193,117,131,173,166,119,178,148,134,137,129,119,182,134,136,128,130,126,86,76,77,85,122,90,127,82,89,97,88,108,125,81,129,124,123,131,136,127,126,117,127,134,132,126,122,139,133,131
112,130,135,128,121,123,127,134,110,113,131,130,135,130,130,133,131,134,129,120,130,121,125,140,123,131,137,134,140,126,125,136,183,119,127,170,175,113,183,156,136,147,127,118,172,127,145,122,131,129,83,71,81,85,130,87,139,76,111,101,84,118,120,81,132,126,134,128,139,130,126,126,125,135,133,128,126,139,144,129
121,127,139,120,122,129,129,135,105,120,122,137,132,146,137,124,127,132,131,130,128,130,136,127,130,123,134,132,136,134,122,137,191,125,126,163,169,113,191,147,133,156,136,122,182,127,148,124,128,127,70,71,80,97,133,83,131,79,117,89,80,132,114,84,131,131,126,131,145,123,130,129,124,131,132,134,124,139,142,131
116,120,129,129,124,125,129,132,109,113,131,128,131,137,128,120,131,129,132,127,138,122,137,139,126,128,132,143,137,130,124,143,189,114,124,156,172,121,190,147,135,167,128,122,175,125,150,125,116,125,74,70,75,98,125,85,127,79,129,81,77,142,97,93,132,127,127,127,137,132,122,123,123,133,134,122,124,140,139,128
111,125,134,122,121,128,135,130,115,115,130,126,130,132,131,128,134,132,129,129,130,131,135,134,130,128,137,131,137,133,124,131,185,117,129,136,171,114,194,146,135,174,130,119,179,124,160,119,108,132,71,72,78,110,118,80,136,73,137,77,72,150,104,104,131,128,122,133,138,131,132,128,126,135,132,129,125,142,137,134
118,127,137,117,123,127,127,133,106,113,130,128,125,141,136,120,124,133,129,129,132,130,133,133,126,127,134,130,143,129,124,135,188,121,129,146,170,116,194,153,130,179,133,116,176,123,177,119,99,129,72,73,84,126,118,83,136,72,147,77,74,140,91,114,130,125,126,129,142,123,128,125,128,129,125,127,127,137,144,126
115,121,131,127,136,127,126,138,117,113,125,123,133,137,126,123,130,135,127,126,131,120,130,138,128,124,138,131,138,133,120,141,179,113,125,132,162,118,194,145,134,174,132,129,174,123,177,125,94,121,71,67,97,135,104,83,133,78,142,76,75,149,86,122,138,128,120,129,146,127,129,128,127,135,127,133,127,140,136,138
117,127,137,126,121,125,132,127,117,113,127,128,129,136,127,123,137,130,128,127,126,128,141,133,125,128,129,134,139,124,128,133,172,113,126,137,149,114,194,143,135,183,129,119,167,126,179,123,90,132,73,71,107,140,99,86,136,71,138,74,74,143,82,137,128,128,120,129,139,119,124,128,125,138,138,127,122,137,137,135
117,133,134,126,119,129,129,134,109,113,127,129,123,134,137,116,126,135,129,131,135,129,132,133,119,127,136,130,136,130,119,140,157,124,129,133,135,124,191,145,136,184,134,115,148,125,186,123,87,125,74,73,119,148,93,86,133,72,148,73,76,153,80,147,131,126,112,131,144,122,130,129,128,135,128,138,130,137,138,128
116,122,136,126,128,126,122,124,116,110,117,126,124,136,127,119,132,129,126,121,130,130,136,133,121,127,132,137,136,133,123,144,150,114,126,132,128,129,187,139,133,187,130,120,137,130,183,122,83,122,71,79,132,144,91,76,133,75,143,71,77,151,77,146,134,128,115,124,135,110,124,132,129,136,134,131,128,137,139,130
116,126,129,126,122,126,127,131,111,114,118,131,120,141,130,118,126,134,130,134,131,127,139,136,127,129,137,134,141,126,120,131,144,118,129,138,124,133,190,145,135,184,131,113,139,126,177,122,84,129,75,71,137,144,89,92,122,67,145,73,75,146,81,153,131,127,111,133,136,121,129,126,123,131,131,126,127,140,137,135
120,129,134,127,117,119,129,123,112,115,116,130,116,129,135,116,136,126,128,127,134,135,133,137,130,119,137,135,135,135,129,139,137,124,135,139,129,140,191,144,134,183,128,112,122,127,180,121,84,133,72,76,140,149,83,95,119,73,145,74,78,146,78,149,128,121,114,129,139,120,129,131,130,138,130,137,129,140,141,129
111,122,133,124,122,118,120,126,116,110,115,128,116,135,130,118,130,135,131,133,131,129,128,135,123,123,139,132,141,130,123,134,135,116,128,137,117,148,192,142,134,184,130,121,120,127,176,124,79,122,79,72,145,145,78,101,108,79,152,74,78,152,78,147,135,120,117,128,143,117,132,128,130,134,131,136,126,136,138,131
116,121,136,125,127,117,126,124,119,113,114,132,119,141,133,116,126,126,130,126,132,126,136,131,126,128,130,139,135,124,119,136,137,116,131,131,119,161,187,137,138,187,134,119,121,125,184,122,84,115,73,74,142,143,82,113,98,75,144,75,74,149,82,148,129,121,115,132,135,118,125,130,125,134,131,137,127,141,133,133
117,126,131,126,116,114,122,121,119,118,111,125,123,137,132,116,131,130,128,130,139,127,136,133,134,130,140,135,144,129,129,137,138,120,135,135,125,164,184,139,136,175,130,113,119,117,173,122,83,108,75,70,150,141,85,127,96,77,149,74,77,154,80,146,132,119,114,132,138,121,124,125,127,134,132,136,125,141,142,135
122,123,139,121,115,120,118,120,134,114,112,125,117,135,125,115,125,130,131,127,131,135,127,133,125,126,140,137,137,129,115,139,130,114,129,131,122,165,178,128,135,169,135,114,111,122,180,118,81,92,81,77,148,146,76,133,94,78,145,76,79,145,81,148,132,118,118,131,144,117,129,132,130,129,129,140,124,136,139,129
126,117,132,127,119,112,120,124,135,118,117,131,119,141,133,121,125,128,126,130,127,128,142,140,123,129,133,135,136,132,125,136,134,108,124,126,123,173,155,123,134,153,134,114,121,129,176,122,89,92,79,74,141,150,77,144,80,74,145,78,77,151,82,151,134,123,119,128,137,119,129,132,129,135,133,136,125,135,136,130
139,114,130,121,113,112,125,119,131,120,116,125,118,129,129,122,127,124,133,132,136,129,136,132,129,125,144,132,138,123,127,133,133,121,134,133,129,173,147,129,132,143,131,115,117,115,174,118,83,90,91,92,146,145,88,135,86,89,145,73,89,152,83,152,131,125,115,135,133,118,127,126,128,131,135,136,124,136,135,129
139,121,140,125,118,116,118,122,136,122,116,131,117,130,129,117,129,132,132,124,131,129,126,138,128,120,136,143,138,133,119,139,127,116,143,135,122,174,140,129,130,143,132,102,116,121,179,122,91,75,97,92,147,151,80,137,79,102,147,74,95,147,83,155,125,117,115,130,129,116,132,134,128,130,128,138,128,136,138,126
136,113,138,122,119,114,122,122,138,125,107,134,121,135,131,117,128,130,127,131,135,132,135,136,120,123,142,137,132,131,123,140,131,120,147,129,121,176,136,125,132,128,133,110,114,124,178,122,96,78,113,113,147,147,77,142,80,103,144,75,113,150,81,147,131,123,116,131,136,112,125,127,130,127,133,133,124,139,135,134
149,116,138,118,114,110,121,118,136,139,117,144,119,131,132,116,129,132,133,133,131,124,132,131,130,126,136,136,137,125,126,135,132,123,164,131,120,177,129,126,136,142,127,105,121,121,163,121,116,74,128,118,148,148,87,144,81,129,149,72,126,155,82,159,130,125,115,130,130,116,127,126,123,132,135,129,123,141,135,133
140,115,139,110,117,113,120,119,138,135,114,142,121,137,130,125,129,135,133,129,131,135,131,138,135,126,130,139,138,137,124,142,128,116,169,132,124,170,131,128,134,139,131,99,111,116,159,120,118,71,141,131,146,148,83,142,75,137,145,84,136,151,79,147,130,118,118,136,134,123,130,128,133,134,124,133,124,144,140,125
146,109,132,114,119,112,121,118,135,138,112,150,118,136,131,118,124,130,128,135,137,129,134,134,128,132,137,128,138,136,126,146,128,115,169,129,119,176,129,122,133,134,132,106,111,116,148,120,133,73,143,134,148,152,91,140,80,133,147,90,146,150,80,149,135,119,125,131,139,121,126,132,130,128,133,136,128,135,145,130
148,111,140,112,111,110,120,118,138,148,113,144,118,136,131,130,136,125,130,131,136,126,132,136,128,124,127,142,132,134,123,131,131,116,178,119,119,175,129,130,134,136,131,108,111,117,133,118,142,70,145,139,149,149,98,146,79,145,150,101,151,152,86,149,132,122,119,131,127,131,131,132,124,132,135,132,122,140,133,131
148,111,134,116,112,116,116,117,134,141,119,145,118,127,127,133,130,133,134,133,139,129,134,136,126,127,137,131,133,129,128,138,130,113,177,119,114,170,126,127,136,136,132,103,115,112,133,117,142,70,144,140,146,149,102,154,80,135,145,118,151,151,96,147,132,125,128,134,132,130,128,128,125,135,123,132,125,140,140,132
144,106,129,112,117,110,120,118,138,141,117,139,132,139,136,129,128,134,127,125,132,128,133,130,124,122,138,135,139,131,119,140,128,113,190,113,124,173,133,125,132,130,136,106,104,122,135,114,145,73,150,139,150,149,129,145,85,140,150,132,153,157,106,144,135,119,132,130,135,131,132,132,130,126,131,135,129,136,137,130
153,110,140,117,113,110,124,121,138,145,124,150,133,136,121,136,132,132,134,131,136,126,130,138,126,130,132,130,129,123,123,141,128,112,178,118,120,167,131,123,135,132,133,104,109,118,132,123,144,73,151,142,148,144,137,147,81,138,149,137,155,149,116,145,134,123,132,125,130,133,124,128,124,131,125,127,123,137,134,131
146,113,133,110,114,114,119,120,136,145,133,141,133,136,122,140,134,127,129,129,135,133,135,136,127,123,134,137,125,134,124,143,124,111,183,123,125,170,128,129,134,139,129,101,103,117,132,115,146,73,152,144,147,149,137,147,80,148,152,150,151,147,127,146,130,130,126,129,129,138,130,125,126,128,126,137,125,139,136,134
144,109,140,115,119,112,124,125,133,145,134,144,145,136,131,137,132,133,132,134,127,135,133,133,131,125,145,133,136,130,121,136,126,113,183,121,122,155,126,122,141,134,133,103,98,116,126,121,143,78,154,138,144,149,141,142,85,139,147,146,155,152,138,148,132,122,138,127,135,131,124,125,129,132,122,134,125,139,139,131
146,113,139,116,120,115,132,127,137,145,137,147,136,137,122,139,134,132,130,128,140,132,133,133,127,122,138,132,130,133,127,145,127,119,184,120,122,146,129,124,151,129,133,103,107,121,132,121,144,75,144,141,143,147,143,144,83,141,151,147,149,157,144,140,138,130,130,125,137,133,125,133,125,127,123,128,124,139,131,135
148,106,140,112,117,121,131,139,140,147,143,148,134,139,119,146,130,134,140,132,136,129,140,136,129,120,131,139,133,129,122,138,122,112,181,124,123,133,121,127,165,130,126,102,105,115,126,117,146,76,146,143,143,149,144,142,82,141,141,152,155,147,148,146,130,129,133,124,130,137,121,127,120,133,123,130,121,145,137,133
143,113,138,116,120,119,134,146,133,142,137,139,137,139,122,139,130,137,127,139,125,127,131,133,130,126,139,130,128,125,128,134,115,113,182,122,115,122,125,124,176,135,136,103,98,113,130,118,148,79,156,140,150,149,141,148,88,145,146,154,150,146,145,143,126,127,132,124,137,135,129,126,127,132,124,132,124,142,141,137
146,109,136,114,118,124,144,140,135,149,137,144,137,135,124,137,132,133,131,123,138,135,134,132,126,125,135,137,135,132,123,146,110,117,176,115,114,124,127,120,179,125,145,108,102,113,129,125,152,70,152,141,144,149,144,137,84,135,142,155,160,155,150,137,132,129,133,120,137,133,129,132,122,132,123,133,125,139,137,136
147,115,131,110,118,132,132,139,140,152,141,149,142,142,115,147,125,127,134,137,133,121,132,139,131,127,132,136,123,123,120,137,118,109,168,118,116,120,119,125,188,125,140,103,104,116,125,119,148,79,151,148,141,144,144,144,88,142,143,151,160,148,152,148,127,130,132,122,136,141,122,126,124,135,127,131,120,140,134,139
150,110,133,116,124,131,135,145,132,142,143,142,137,129,118,140,130,131,132,127,130,135,127,132,130,129,139,137,133,131,122,143,112,107,156,121,114,114,126,120,194,119,151,104,97,107,121,113,142,88,151,143,145,149,143,141,86,142,151,149,160,152,153,148,127,129,135,123,136,139,127,129,124,138,119,130,127,142,137,139
139,114,141,114,133,135,147,144,135,137,133,145,140,136,118,139,129,134,134,130,134,129,137,129,125,124,138,133,134,131,122,138,113,115,138,113,119,116,123,123,194,124,155,110,95,119,129,119,143,94,149,140,137,151,146,145,93,145,145,151,166,153,150,142,133,129,134,118,137,133,121,124,126,133,113,131,129,130,134,138
144,112,132,110,144,136,142,141,145,148,140,149,148,143,118,150,128,131,130,136,131,125,134,135,134,119,132,135,131,128,124,145,118,115,128,113,119,118,117,117,207,124,160,109,104,111,125,118,144,115,153,147,140,148,144,140,102,140,145,151,164,154,152,152,130,127,131,119,131,139,123,131,128,136,122,128,121,133,133,142
141,116,133,113,137,133,141,142,130,142,136,151,140,136,123,143,132,132,134,134,133,133,131,131,128,124,132,134,137,133,123,141,108,116,127,121,117,118,112,124,205,129,172,101,99,113,127,110,141,120,157,142,145,148,145,146,116,146,146,155,152,148,151,148,127,131,129,129,135,135,119,126,120,142,119,126,123,141,136,143
144,127,124,121,144,132,139,148,135,141,130,144,139,134,125,137,131,129,133,132,129,125,133,127,131,124,139,132,133,132,124,137,114,118,127,115,110,120,123,117,203,128,184,102,101,107,123,119,147,127,153,140,140,149,140,146,121,147,152,148,149,155,148,146,133,125,136,124,133,134,130,132,124,144,113,129,122,131,136,135
138,130,126,118,140,137,146,140,136,142,131,145,141,138,119,142,131,133,136,129,136,131,131,129,130,124,137,132,131,139,128,141,119,115,123,114,117,117,117,113,207,120,190,103,101,119,120,119,147,140,149,144,144,151,146,148,137,139,146,151,146,151,146,145,130,127,134,120,135,131,122,131,123,138,121,126,123,136,136,138
144,136,113,125,139,134,138,141,129,139,138,144,130,129,121,143,129,129,136,135,133,122,138,137,129,125,135,131,137,132,128,131,113,114,129,116,113,118,122,115,206,129,192,104,94,104,110,112,142,145,151,142,144,147,139,147,146,146,143,153,153,152,151,141,127,130,133,130,132,142,118,127,120,142,119,129,122,140,139,142
142,139,117,132,146,134,139,144,130,132,132,139,140,136,122,138,129,135,137,125,137,134,127,135,136,125,134,136,132,129,120,138,111,111,129,125,110,112,117,114,199,121,201,104,106,114,111,115,140,148,150,141,144,153,145,140,151,146,152,158,151,145,151,151,124,125,136,129,137,134,122,130,127,146,116,128,129,131,135,136
142,142,121,130,144,133,145,145,133,137,133,140,136,138,121,139,130,131,130,128,130,130,133,132,126,128,139,129,135,134,126,139,113,113,124,114,111,120,121,117,199,115,202,101,102,113,114,121,145,144,148,146,136,147,148,146,138,141,144,149,147,150,153,140,127,132,137,124,135,135,126,129,132,139,122,134,125,132,131,141
138,145,115,140,138,140,137,140,131,140,143,148,135,132,124,144,129,128,133,136,141,128,138,134,134,126,131,138,128,127,125,141,113,112,127,114,110,118,116,118,203,124,198,102,97,117,110,116,139,149,152,152,143,145,142,144,150,149,147,152,151,151,158,147,131,125,129,131,133,135,124,128,127,140,127,128,120,136,137,140
141,142,122,136,142,134,143,149,128,138,141,139,142,131,124,139,134,130,135,132,131,137,127,131,126,126,137,132,135,137,129,139,106,113,128,114,115,115,119,117,201,124,201,100,99,111,115,114,143,145,153,143,145,149,141,151,148,141,145,147,149,148,158,144,124,126,131,135,135,135,127,123,134,147,127,129,128,135,133,139
140,143,121,138,143,136,142,148,133,136,135,138,146,136,118,137,124,133,131,130,139,131,135,129,125,126,133,133,133,136,127,144,110,116,124,119,106,115,123,115,198,120,197,105,98,115,108,117,149,148,147,139,144,149,140,136,149,150,152,148,149,152,152,140,127,132,134,134,136,130,126,131,133,138,136,131,126,128,136,138
139,141,123,128,139,134,140,139,126,143,146,142,140,137,123,149,134,132,133,133,132,129,131,129,126,123,133,130,131,137,123,139,112,114,124,116,114,116,118,115,199,126,196,100,94,109,114,114,140,147,147,146,144,145,142,146,141,139,139,147,148,152,150,141,129,131,131,130,131,135,128,126,130,137,132,127,125,134,134,141
139,141,126,138,148,136,138,146,132,140,136,140,136,131,124,144,131,132,140,130,128,137,129,135,134,126,138,135,139,131,138,144,106,111,119,117,119,109,117,113,197,125,199,105,100,111,108,115,138,149,153,149,140,149,140,148,149,147,147,147,152,147,155,142,123,129,134,137,135,139,128,128,132,146,140,124,128,134,136,139
144,144,124,135,142,128,140,143,129,136,131,141,135,139,125,130,131,136,133,128,135,132,136,124,128,119,142,129,128,138,129,138,111,118,120,117,115,112,118,115,200,123,191,97,105,111,111,115,143,143,149,147,141,151,146,137,150,143,144,151,149,152,155,144,128,135,131,133,135,137,131,134,135,142,138,128,129,126,137,141
140,141,116,135,141,134,141,145,132,138,134,138,141,140,134,138,131,127,135,132,133,130,133,125,122,125,135,130,135,133,130,137,108,107,126,119,108,109,114,115,188,122,196,108,97,113,112,119,144,147,146,148,142,144,140,148,148,150,145,150,146,155,148,149,126,133,133,129,135,136,132,127,135,140,136,122,125,127,133,138
149,141,119,135,146,141,140,145,129,143,138,137,134,129,133,133,130,135,133,129,132,136,130,136,135,122,138,135,127,132,134,139,108,113,122,116,113,110,114,115,172,119,194,101,99,113,105,116,142,150,142,149,148,148,142,144,158,143,142,149,148,145,154,145,128,137,133,135,129,138,130,129,131,139,140,130,127,136,141,144
141,147,122,142,144,129,144,138,130,138,127,144,141,128,136,134,129,129,133,133,129,130,131,131,127,126,141,128,140,133,130,138,105,116,126,112,114,112,120,110,164,123,195,102,100,116,115,117,143,147,143,143,142,152,148,143,144,142,149,145,146,153,154,142,118,131,138,135,134,139,133,127,137,135,136,124,134,132,141,142
138,144,120,127,138,130,139,136,136,145,131,143,136,138,138,133,130,132,135,126,137,132,131,132,130,123,139,132,128,140,127,133,113,106,125,109,110,108,114,106,150,120,199,103,91,116,112,123,145,148,148,146,141,147,143,146,153,142,146,152,150,152,150,141,125,134,132,129,134,131,135,130,139,134,136,129,127,132,139,138
142,142,124,138,138,137,145,142,131,140,141,147,130,135,140,135,129,129,138,132,133,126,131,126,132,125,139,133,137,128,138,137,106,116,125,112,114,108,116,113,144,119,191,104,96,115,109,116,141,150,149,151,138,144,146,144,153,143,149,148,153,155,149,146,122,130,133,135,129,138,127,126,128,142,140,123,129,131,138,141
141,143,119,135,140,127,136,142,126,142,135,137,138,130,144,136,134,134,132,131,129,133,125,134,131,124,136,131,138,137,133,135,110,121,122,117,111,106,116,111,132,124,192,99,102,119,109,113,136,148,149,150,144,152,141,146,150,152,146,147,150,146,153,147,124,128,134,132,133,137,130,128,137,139,139,127,127,129,145,141
136,141,116,138,135,130,141,139,132,139,125,141,140,137,140,129,129,128,129,131,135,130,129,129,128,123,141,134,139,140,132,138,108,117,125,116,105,110,118,105,126,119,185,104,100,122,109,120,144,150,143,144,144,146,149,145,144,139,149,147,152,152,151,143,124,132,132,128,134,131,135,128,135,143,136,123,132,129,140,138
139,133,119,131,137,132,140,136,132,145,142,141,134,135,142,130,134,129,134,127,127,133,132,122,129,129,140,133,129,129,136,139,108,115,121,119,111,110,113,108,128,115,172,104,97,126,114,113,142,150,147,148,140,142,138,141,154,147,143,150,148,146,153,145,128,131,132,133,134,136,129,137,133,138,141,122,127,134,138,144
135,138,122,138,139,134,140,142,129,139,134,140,128,125,147,134,129,127,128,128,132,127,134,132,130,124,132,134,135,138,129,135,108,120,121,115,113,107,114,114,125,121,161,107,97,118,110,114,137,155,146,153,148,147,146,150,148,145,146,148,154,154,157,145,123,132,137,135,131,138,134,131,135,145,138,122,127,132,140,141
143,137,123,134,136,123,146,144,131,136,129,134,134,137,137,128,124,130,135,132,134,131,134,130,129,131,144,135,130,135,126,140,107,113,117,109,106,111,118,104,122,120,150,106,102,124,113,118,143,148,146,146,147,147,145,139,155,147,152,150,143,157,151,143,124,129,137,128,135,136,130,138,134,138,134,125,129,128,143,138
141,137,129,126,129,129,139,137,136,144,137,143,130,136,137,136,135,129,133,131,135,130,131,132,130,124,130,133,128,131,130,139,107,120,121,104,108,110,112,109,126,117,139,111,102,123,109,123,147,151,149,147,141,151,145,147,148,141,139,146,148,154,148,145,125,133,136,132,134,133,129,136,135,140,140,122,122,130,138,141
141,136,139,134,143,136,129,142,126,135,132,139,131,128,148,135,131,130,135,132,133,128,127,124,131,130,136,137,133,131,132,137,109,118,115,117,109,107,117,117,130,123,132,97,95,119,103,114,143,152,148,153,144,141,143,147,152,154,143,152,152,146,157,144,118,129,134,133,130,135,132,130,133,146,136,126,127,133,136,143
138,140,139,127,133,130,136,137,129,142,131,138,135,127,141,133,128,131,129,132,126,129,125,136,128,123,143,133,128,135,127,136,111,110,114,109,108,105,116,108,126,116,130,106,97,117,104,117,141,150,151,143,150,149,143,149,155,146,144,149,142,153,157,143,123,129,137,132,132,127,128,131,136,141,136,125,127,128,143,141
137,134,138,130,133,128,137,138,137,138,131,137,132,134,140,135,131,129,135,130,133,130,134,124,125,127,132,130,136,133,131,139,106,118,114,112,105,107,117,111,125,119,124,108,101,126,111,118,141,147,150,144,141,142,147,142,147,148,148,151,157,158,156,141,131,132,140,126,131,131,127,135,137,141,137,125,127,129,145,136
139,136,144,127,135,134,138,138,131,144,138,143,136,137,142,132,137,121,130,127,134,127,126,129,136,125,140,131,131,139,128,138,113,114,120,119,110,110,114,112,124,119,122,98,97,120,103,114,138,145,146,147,140,149,137,151,155,153,140,145,150,157,154,151,128,134,137,129,130,131,132,127,129,138,139,125,125,133,135,141
136,133,145,134,137,122,135,140,125,133,133,135,137,135,137,134,126,134,130,133,128,134,125,132,129,127,141,129,128,138,137,133,105,111,121,114,112,105,119,108,125,118,123,102,95,124,105,110,139,142,148,143,142,143,146,157,146,144,151,145,148,161,149,145,137,129,132,136,134,134,130,130,138,140,137,132,129,137,145,136
132,134,135,127,139,129,139,139,132,135,136,144,134,130,141,134,130,126,134,126,131,129,134,126,131,128,132,131,131,140,128,136,112,122,113,112,105,107,107,106,124,119,128,105,92,120,110,118,145,142,145,143,147,148,149,145,148,143,144,151,146,162,145,142,132,130,142,130,131,130,134,132,137,136,138,133,126,135,137,138
141,137,136,131,129,129,136,138,130,140,134,136,131,136,147,141,129,133,133,127,130,132,127,131,127,133,132,132,130,137,129,138,114,112,113,121,110,104,111,109,127,123,118,101,100,118,109,117,147,147,148,144,139,138,140,147,157,142,142,147,157,160,144,150,135,131,130,130,133,135,132,136,130,137,138,127,122,139,140,144
135,129,145,135,136,132,132,142,125,137,139,141,128,130,145,129,129,131,133,133,130,128,131,129,138,130,139,134,131,137,133,135,114,112,121,116,113,104,113,110,121,124,121,99,99,111,104,112,139,143,145,148,140,147,138,153,152,153,144,151,152,158,148,145,128,131,134,132,131,134,129,128,134,141,139,130,126,141,144,137
133,139,135,132,142,123,134,134,139,133,130,137,138,137,137,130,132,134,137,119,132,134,133,124,124,132,139,128,130,136,127,135,111,122,116,114,106,111,117,111,112,118,125,105,98,114,109,122,143,145,144,145,146,146,144,139,154,139,151,151,143,154,146,148,134,127,138,128,133,128,130,132,135,139,136,129,127,138,148,141
147,135,141,129,130,132,142,132,131,141,137,147,136,133,139,138,129,125,129,129,132,123,130,129,131,123,132,132,131,133,133,135,109,113,115,117,113,109,111,110,118,117,126,102,97,114,112,121,144,146,147,147,141,142,145,149,153,140,139,149,147,158,146,149,138,134,141,126,137,131,133,130,133,134,139,128,119,141,133,142
139,135,141,135,140,137,134,144,124,135,134,143,131,132,143,137,128,131,133,133,133,134,127,126,131,132,133,134,131,130,126,134,110,113,119,122,116,102,113,112,116,115,118,108,93,116,103,119,133,145,151,150,138,149,146,146,154,151,148,150,152,152,147,152,126,131,132,133,123,130,132,126,131,143,139,127,122,146,142,139
134,138,136,133,137,130,134,138,134,136,134,139,132,134,134,130,129,129,130,131,129,125,123,129,132,126,143,131,135,132,128,136,107,110,116,122,115,107,114,117,112,113,118,106,99,114,108,118,144,144,154,144,144,145,154,150,157,143,141,152,147,158,145,149,133,126,136,133,138,131,130,131,134,140,134,134,130,148,145,140
143,128,141,132,132,134,138,133,130,135,131,145,141,137,137,133,127,128,138,129,133,134,131,126,130,131,135,130,129,131,130,131,107,115,115,116,109,107,112,111,109,111,120,104,101,117,106,116,144,138,147,145,138,145,156,146,147,143,145,152,151,155,141,147,139,134,132,128,133,129,131,128,133,138,133,128,129,139,142,136
138,133,135,131,134,137,129,138,130,140,138,141,130,133,146,136,126,129,131,133,134,129,128,130,132,131,136,137,127,134,132,130,106,108,120,116,110,107,108,112,113,118,119,100,95,116,103,114,140,142,149,150,140,140,152,143,160,152,144,148,144,153,145,147,132,131,133,131,129,135,127,127,128,140,138,128,123,143,142,144
136,134,148,135,135,129,139,139,125,133,132,137,136,129,132,133,128,127,131,126,124,136,131,132,135,126,139,131,137,135,129,133,108,116,118,117,108,106,115,113,114,115,122,104,100,112,110,117,144,137,146,145,141,147,150,150,151,141,142,152,149,150,147,145,136,131,137,135,133,136,133,127,134,145,133,137,132,143,141,137
141,135,137,126,140,132,137,141,136,137,129,138,143,141,129,134,131,131,127,128,130,135,127,125,123,128,139,134,127,139,129,140,109,112,111,115,108,109,108,110,113,113,118,106,100,117,104,121,145,143,144,146,144,143,155,143,152,140,150,143,147,154,144,138,138,132,139,125,135,130,131,125,135,134,140,134,130,139,136,146
141,128,143,129,131,134,131,130,131,139,137,144,131,138,146,132,126,130,139,132,135,134,128,127,134,130,135,129,131,132,129,132,110,118,115,111,114,107,107,115,108,121,112,110,95,110,113,120,143,145,143,149,142,141,147,147,161,153,137,148,145,152,148,146,132,131,134,127,128,138,128,124,132,142,143,130,129,142,136,140
143,141,138,132,134,136,135,137,124,135,131,137,136,130,135,141,132,132,133,132,126,133,135,125,129,129,132,137,128,134,128,140,106,117,113,114,106,104,110,115,115,119,114,101,94,111,103,117,137,144,148,151,140,145,150,152,154,151,145,150,149,151,144,149,130,129,136,134,130,134,133,124,132,134,137,128,129,149,141,140
141,131,132,131,139,125,130,143,134,131,133,139,138,134,133,130,130,131,134,127,128,133,126,126,124,130,132,124,139,140,135,129,110,108,112,120,115,107,113,107,102,116,119,106,100,113,110,119,146,139,147,141,144,145,151,138,154,141,144,148,147,151,142,144,136,130,135,128,129,130,131,130,131,137,135,132,131,140,140,136
136,131,140,123,130,138,134,135,127,139,134,141,134,133,138,133,135,123,134,136,133,133,127,132,132,125,132,134,131,136,132,133,104,111,117,115,117,106,114,111,111,120,117,100,94,118,117,123,148,143,147,145,136,137,153,147,152,143,140,141,146,156,141,143,138,131,136,131,135,135,130,127,132,139,136,124,124,144,139,145
138,137,140,131,138,132,130,139,127,133,134,139,134,131,133,136,131,135,138,125,127,129,125,126,131,125,135,131,131,134,135,128,110,110,119,111,114,106,116,115,111,119,113,106,103,111,106,118,139,144,150,146,139,141,148,143,160,149,143,150,146,154,143,147,132,133,132,128,126,135,128,126,129,145,138,126,131,146,137,142
142,138,134,131,140,129,135,138,130,136,126,135,137,131,143,136,129,128,129,132,128,132,127,130,127,129,132,127,131,138,135,133,103,119,115,114,112,108,112,112,110,117,115,103,101,120,107,124,144,137,148,145,138,142,156,145,155,143,146,145,143,153,144,151,136,130,138,135,131,135,130,130,128,139,133,133,130,142,143,137
134,135,132,127,133,132,134,134,135,135,133,139,133,132,134,128,130,127,128,131,132,131,131,130,125,120,132,129,124,135,125,129,113,113,109,119,115,109,112,110,112,118,107,106,93,118,110,121,145,142,146,143,134,141,144,139,152,140,141,142,147,153,142,145,140,129,132,123,128,136,131,125,134,135,137,131,126,141,140,141
138,125,135,124,137,134,127,137,127,135,134,135,137,136,137,138,138,131,136,130,133,127,130,118,132,129,129,126,133,129,132,134,107,111,113,118,112,106,113,114,112,116,108,105,99,118,105,127,139,145,150,146,140,140,146,154,160,150,134,153,147,154,140,151,134,131,131,139,126,137,128,126,130,136,138,128,130,148,135,144
142,139,130,130,140,134,137,137,132,136,131,137,138,135,132,132,130,125,137,129,129,131,127,126,126,127,130,129,132,139,133,132,106,118,115,110,107,106,111,114,109,115,107,109,102,117,110,119,143,142,146,149,142,148,144,141,155,139,139,144,144,149,142,146,133,127,133,130,131,138,131,127,134,137,131,130,133,143,144,141
136,135,130,124,129,126,134,139,132,135,131,140,138,131,134,131,130,131,130,124,126,132,128,135,129,122,126,132,130,129,129,133,109,106,113,112,108,105,111,108,109,114,109,102,101,114,115,121,146,146,138,142,139,141,148,139,155,140,138,146,143,151,143,148,136,134,136,130,134,132,127,125,134,137,134,132,128,145,133,144
138,128,131,129,131,138,136,129,134,134,131,137,135,132,135,133,134,133,135,133,129,131,129,133,123,131,127,130,135,132,130,136,110,120,116,116,114,108,108,113,112,118,98,102,98,117,105,116,137,144,146,145,132,143,143,145,156,142,142,152,149,149,141,148,133,133,133,135,130,127,128,125,132,141,138,127,123,142,137,146
145,138,135,128,137,136,131,141,125,136,129,132,135,127,134,140,129,132,133,126,123,135,123,133,136,126,130,131,132,134,129,131,106,116,117,117,119,102,113,115,114,120,106,111,102,107,104,117,140,142,152,140,143,144,150,145,154,148,138,148,147,153,143,146,131,126,138,136,132,133,126,126,133,135,137,128,133,149,139,141
134,133,126,124,134,130,141,139,133,134,130,133,139,132,133,128,123,131,130,126,127,127,134,130,125,129,126,131,139,136,134,131,105,119,118,113,108,109,104,113,115,114,107,110,98,114,110,121,145,136,143,142,141,139,146,140,155,140,145,145,147,144,140,143,139,128,140,132,129,130,136,131,133,134,132,134,126,139,143,136
138,124,135,126,134,128,135,141,134,133,128,136,132,136,136,136,134,128,137,132,134,127,126,131,130,127,129,128,127,132,131,132,100,112,116,116,111,106,111,114,116,117,104,107,100,116,105,123,144,141,143,148,135,140,143,146,155,141,138,148,147,146,139,143,140,133,136,129,127,136,130,126,132,141,138,129,119,151,136,147
136,130,137,131,136,135,131,137,130,140,127,138,132,134,141,139,128,134,131,126,126,137,132,133,127,128,131,126,132,141,136,133,112,110,118,120,113,100,114,116,114,117,106,110,103,112,104,111,142,145,150,151,143,137,152,148,159,150,141,153,148,145,137,144,136,134,136,132,127,138,132,126,136,136,139,133,117,142,137,147
130,135,134,127,137,133,139,139,128,131,126,136,131,135,135,134,131,129,131,125,127,127,130,127,135,123,127,134,131,131,131,133,113,120,117,116,116,103,116,106,108,109,103,112,96,110,112,122,146,143,142,142,138,145,145,135,154,139,141,142,144,141,141,146,135,128,134,132,128,130,126,124,138,135,136,136,124,144,144,151
144,133,124,125,138,131,133,135,136,139,126,134,137,134,134,132,134,125,128,128,132,135,131,135,129,130,130,128,127,136,129,133,116,114,111,113,114,108,113,110,106,117,102,110,101,117,104,118,143,144,144,150,138,136,148,143,156,146,140,149,148,148,141,141,136,134,134,130,134,135,129,128,127,137,139,128,122,142,136,147
134,129,136,121,134,137,132,134,126,141,133,140,131,131,134,137,130,131,137,129,123,129,137,132,130,125,129,130,128,132,128,133,111,111,115,123,115,105,111,106,110,116,103,111,102,114,111,118,137,145,145,145,136,143,136,142,156,142,136,149,148,143,143,144,131,130,130,132,131,135,133,126,132,141,141,131,125,142,139,148
132,133,128,129,136,128,130,135,135,134,127,132,136,131,138,131,131,123,131,127,129,127,127,134,127,124,130,125,138,139,132,129,111,116,121,115,114,101,112,115,111,122,104,107,102,112,105,114,140,141,148,145,145,147,144,143,153,145,144,149,142,150,147,146,136,130,134,132,133,131,129,130,139,139,136,129,127,145,139,138
141,136,122,123,135,136,137,137,133,132,134,136,133,133,135,129,131,134,134,123,130,133,135,128,126,123,126,129,127,127,127,133,101,110,115,110,116,106,111,113,107,116,107,110,96,116,113,122,146,141,142,139,136,142,141,137,154,135,143,145,147,143,141,147,137,131,132,126,130,130,124,128,137,134,138,130,127,145,138,143
140,131,136,129,124,135,128,133,133,142,130,134,139,139,134,135,128,127,130,130,128,128,129,132,135,132,119,131,137,134,132,130,111,116,115,121,113,106,110,119,111,115,101,113,103,112,115,120,138,146,144,146,141,136,141,147,151,139,134,141,141,143,140,145,136,132,131,132,123,130,126,130,130,135,138,126,125,149,136,145
139,137,132,129,143,136,136,138,129,133,136,133,135,132,139,137,131,131,134,129,131,131,130,130,134,123,126,134,126,130,128,133,109,116,110,117,115,108,116,118,107,113,106,104,103,118,106,119,138,148,148,141,142,144,136,139,160,140,145,147,141,142,143,142,135,126,136,132,130,133,131,125,135,142,137,132,129,143,142,148
142,133,123,123,133,124,133,136,133,136,123,140,137,134,137,132,124,128,123,123,125,124,125,137,129,133,130,126,131,132,128,131,108,114,112,116,112,107,114,115,107,114,104,106,97,119,107,120,144,140,145,144,135,137,143,144,145,145,143,147,141,149,143,142,135,130,136,131,129,128,127,128,134,130,136,128,129,142,138,145
140,136,129,127,131,136,135,138,127,133,139,140,131,132,133,133,131,127,135,132,128,131,129,127,135,123,122,132,130,135,126,128,106,120,116,128,113,110,109,117,107,117,101,113,102,119,109,121,149,145,148,147,135,142,137,141,157,140,136,150,149,144,140,148,133,131,136,129,128,133,127,127,131,140,139,126,121,146,135,147
139,135,136,130,136,128,136,133,133,139,132,140,131,126,143,132,130,129,131,119,129,126,135,137,128,130,128,133,129,130,131,129,105,118,121,122,116,104,107,117,109,116,107,106,108,110,103,119,137,143,147,146,131,142,142,146,149,148,148,146,145,145,142,150,133,133,133,133,126,134,129,124,136,137,138,134,121,149,136,144
130,134,127,129,137,129,135,142,129,134,130,142,135,133,129,127,122,136,126,124,121,130,130,132,136,126,121,128,133,134,127,129,111,120,111,118,113,105,116,108,101,111,105,116,100,120,110,121,139,143,144,141,136,153,138,137,151,145,141,145,145,143,137,148,136,128,138,132,133,131,133,132,134,139,134,135,127,138,141,142
146,126,130,122,130,138,132,135,133,140,127,137,138,132,136,132,131,128,131,122,131,137,133,133,133,133,134,124,126,133,128,135,108,114,106,119,114,105,114,114,103,114,103,110,107,119,110,117,146,147,143,144,131,137,143,140,149,141,132,142,146,147,140,147,138,130,134,130,130,133,131,135,134,138,135,132,117,148,142,151
138,136,136,131,140,136,133,139,131,140,132,139,132,130,136,138,126,129,130,132,124,128,136,136,135,129,120,130,137,130,128,126,114,114,111,120,118,101,119,113,108,117,109,117,101,112,104,115,143,145,151,140,142,138,139,142,153,149,141,149,142,140,139,145,136,131,131,131,126,131,132,128,133,139,142,131,121,150,142,145
135,135,128,126,139,128,140,135,126,136,127,130,135,130,136,133,127,131,126,124,127,130,132,130,130,131,127,127,134,127,129,134,110,115,118,119,112,102,115,110,105,112,109,105,108,118,115,117,140,141,141,140,134,144,147,141,146,142,141,144,142,144,142,140,133,125,139,134,126,129,132,131,135,137,128,132,128,142,143,145
138,130,124,121,132,135,133,133,130,136,129,133,138,133,134,133,129,130,136,127,135,127,130,129,126,121,129,128,127,140,131,127,113,117,112,117,119,107,111,111,108,120,107,109,103,120,109,116,142,147,142,136,140,141,145,137,146,145,141,148,142,139,134,142,142,130,137,129,128,128,131,136,132,136,141,132,128,146,139,142
136,125,137,125,137,134,131,140,132,142,130,143,133,129,133,136,131,128,126,129,127,128,128,136,132,130,122,130,125,124,123,126,111,117,115,118,117,108,113,114,104,118,104,104,105,110,114,121,141,145,147,147,133,135,138,141,157,146,134,145,146,138,137,141,138,130,131,132,126,131,126,128,133,139,137,125,125,148,135,144
140,137,135,126,134,126,136,133,126,134,128,134,132,125,141,137,124,125,135,124,132,130,125,132,135,127,120,126,130,133,124,129,109,117,121,118,119,103,117,112,103,116,110,110,103,110,114,115,138,144,150,139,137,141,144,146,151,144,146,146,146,143,142,138,132,127,133,135,130,131,133,127,135,140,133,132,131,142,136,138
133,135,122,120,141,128,138,138,132,132,130,131,133,127,131,128,128,136,125,127,134,133,129,130,128,122,127,128,127,129,124,129,104,118,117,121,108,107,116,116,102,115,106,121,101,119,111,125,143,149,143,138,137,138,141,139,149,146,139,149,147,156,133,139,132,131,137,131,133,133,127,131,132,138,136,127,124,141,139,144
139,126,133,125,131,140,133,129,131,142,129,136,131,135,139,133,126,128,132,131,133,128,131,129,132,134,114,133,128,133,124,129,115,110,112,121,110,107,114,123,103,118,104,108,106,107,106,124,142,145,146,150,132,142,133,143,147,150,144,142,144,143,139,142,136,127,128,127,129,134,127,125,132,134,136,126,124,143,134,147
146,134,132,121,133,127,132,142,129,136,130,131,128,128,137,133,124,132,127,123,128,130,128,131,135,125,123,128,134,129,122,125,115,119,123,118,118,107,116,112,108,120,108,118,104,111,109,122,137,145,151,140,136,136,141,142,154,144,141,151,141,156,144,149,133,132,136,134,132,136,126,129,135,142,139,132,126,147,134,143
139,136,129,133,141,127,136,131,132,136,125,130,131,129,129,129,130,133,135,129,129,127,137,129,128,131,129,137,134,130,113,135,117,119,113,116,117,108,116,118,101,117,105,120,110,113,114,123,143,140,140,141,137,147,144,135,147,145,141,144,141,148,143,133,142,126,139,128,131,129,132,132,135,130,134,132,131,142,144,136
138,128,126,124,132,136,138,131,133,129,128,139,138,131,138,128,127,125,128,133,128,131,126,127,131,125,117,127,130,126,117,133,109,110,104,124,119,111,111,116,110,123,99,111,102,111,114,121,148,145,144,141,129,134,134,143,147,139,129,143,146,152,136,139,138,125,136,133,130,128,127,133,136,135,135,129,123,143,139,142
136,131,129,132,138,132,134,137,131,140,132,139,133,132,135,138,128,131,133,132,136,136,128,130,138,132,124,135,129,132,123,132,115,127,121,120,117,106,115,117,107,117,105,109,111,114,113,114,137,148,144,138,135,144,134,143,151,150,133,141,139,144,142,137,136,126,133,130,128,134,129,132,130,139,138,130,129,147,139,143
135,136,131,132,140,129,138,138,131,130,124,134,136,131,136,128,127,129,130,129,130,133,125,135,132,130,127,133,134,129,113,139,105,117,119,120,109,108,119,119,101,116,104,113,99,114,107,114,143,144,143,138,132,138,145,134,143,141,143,142,140,149,134,135,131,125,139,131,132,128,134,128,134,134,129,126,125,140,141,142
140,135,125,121,125,127,138,132,132,135,135,134,134,140,132,131,130,125,129,131,138,136,130,125,128,130,114,133,132,128,123,133,112,125,112,119,113,113,115,114,105,113,105,108,107,121,113,123,143,142,144,138,133,138,139,138,151,144,138,147,139,148,134,139,137,132,135,131,131,129,125,135,135,136,137,134,122,140,140,146
134,127,131,127,134,135,130,130,127,134,131,139,130,130,141,139,130,130,133,125,134,134,127,132,135,125,118,137,126,124,119,133,118,118,121,121,116,114,113,123,100,120,103,110,112,114,104,118,144,143,141,148,134,134,130,140,150,149,135,143,141,142,145,140,135,129,129,131,125,133,130,128,128,138,134,127,124,140,139,147
130,132,135,125,140,132,136,142,127,136,129,133,130,128,137,135,132,133,133,128,126,138,127,131,129,130,123,128,131,137,112,132,112,119,117,118,116,109,120,114,107,120,109,124,103,121,112,116,137,139,145,135,134,134,140,138,149,146,137,144,138,148,139,145,135,125,137,130,133,134,130,129,136,135,131,130,128,138,144,138
140,128,124,127,140,122,135,131,129,135,126,131,140,142,132,128,132,128,132,127,132,136,132,131,130,128,123,135,128,129,113,135,115,116,114,118,111,110,117,109,107,118,104,118,110,113,115,120,147,140,139,139,129,138,147,136,151,144,144,141,141,148,140,135,137,127,141,134,135,123,129,127,135,134,133,131,128,144,136,140
135,127,130,122,136,136,139,133,129,139,131,136,130,134,133,129,133,132,128,130,136,131,133,132,129,133,117,133,128,131,123,128,118,112,114,116,115,109,116,115,108,122,103,124,110,123,108,120,138,145,138,141,125,133,131,136,149,137,136,141,138,146,140,136,137,129,136,126,129,137,127,135,131,141,136,125,124,143,136,140
131,134,130,133,135,131,127,135,125,134,123,126,132,130,136,138,129,126,130,129,126,136,131,132,132,130,124,130,130,132,116,136,108,119,121,125,118,108,123,111,107,120,108,121,107,116,110,121,136,143,147,136,139,133,140,143,155,148,136,142,138,142,141,135,136,129,139,138,131,133,129,131,133,135,137,132,126,143,133,142
136,134,130,128,136,127,140,138,138,136,125,124,133,137,138,131,133,132,124,122,131,133,134,132,127,129,119,130,134,130,115,133,114,118,114,121,113,113,120,115,107,117,109,126,111,115,113,119,141,134,139,137,132,140,139,129,145,137,143,145,139,148,136,136,136,129,138,125,131,130,130,133,136,133,137,130,130,138,142,143
136,128,125,123,126,138,132,133,130,136,135,131,131,133,138,135,129,129,135,126,127,138,129,126,134,132,117,131,128,133,114,138,119,111,112,121,116,118,118,119,105,117,101,123,105,115,117,115,138,141,137,141,131,131,135,138,153,141,131,140,142,143,136,133,141,132,134,130,127,126,128,130,134,144,136,132,124,146,134,137
142,126,126,132,138,133,128,131,132,137,131,134,132,131,139,136,128,134,125,137,137,133,120,134,133,127,117,137,125,129,121,132,113,127,126,123,121,116,121,121,106,116,101,125,105,110,108,114,133,147,146,140,134,134,127,141,152,141,137,147,139,145,136,141,138,131,132,131,124,136,132,127,133,139,139,131,126,146,137,141
136,129,128,128,132,124,135,140,129,127,120,134,136,129,139,130,133,132,132,127,129,129,128,125,127,131,121,129,131,136,117,133,109,127,121,123,113,113,117,115,106,120,110,123,103,116,119,125,140,137,142,135,137,133,136,137,148,144,137,150,138,142,143,140,134,126,140,133,130,127,131,136,134,138,133,131,133,136,139,136
140,133,124,120,136,135,136,129,130,136,135,134,132,127,142,132,127,129,121,133,134,134,128,130,131,125,118,136,127,129,120,137,114,119,112,114,117,118,119,118,105,117,104,129,112,125,114,123,134,141,139,134,133,134,129,136,151,136,142,141,136,148,139,137,138,136,134,131,133,129,127,131,134,139,138,128,127,140,134,141
137,128,126,125,135,134,137,130,122,133,129,135,129,135,133,129,137,132,133,126,129,126,124,130,125,131,115,135,127,131,122,131,114,119,114,115,124,110,118,115,108,118,99,121,103,116,113,121,138,144,141,145,131,128,133,145,152,149,133,138,135,138,147,136,141,131,130,130,129,136,130,128,129,138,138,130,130,141,139,141
132,129,125,126,130,120,135,135,131,130,127,128,132,126,130,123,130,133,131,137,133,133,127,128,135,134,118,128,130,126,114,129,119,117,123,117,120,109,125,118,102,119,107,124,108,117,117,116,133,142,139,134,133,129,131,134,154,138,142,141,134,142,144,138,136,125,137,132,129,129,126,132,138,141,134,133,130,141,144,136
136,132,127,127,138,130,140,133,137,139,130,134,139,129,138,132,136,130,127,129,124,135,127,124,123,128,123,137,127,128,117,136,110,121,118,124,116,108,119,115,106,116,102,129,101,120,111,118,138,139,137,138,133,136,137,131,150,139,136,141,139,142,142,134,136,130,137,126,132,133,133,135,137,138,136,129,124,141,139,137
135,128,125,130,126,135,132,133,133,135,134,128,136,128,138,132,128,132,125,133,127,128,124,133,140,130,119,130,128,124,123,130,114,112,116,121,116,109,120,119,105,122,104,122,108,118,115,127,137,146,141,142,130,128,129,139,154,138,139,137,137,140,140,136,141,130,134,130,131,131,126,136,134,135,135,125,123,144,139,141
134,132,123,131,135,130,133,135,126,139,126,136,135,132,133,132,129,131,131,131,126,132,122,136,129,128,118,135,132,127,120,134,116,114,130,125,116,105,120,114,108,121,109,123,106,115,110,115,136,138,140,140,130,136,135,131,154,144,137,141,143,136,139,135,131,126,135,132,132,133,129,138,131,144,134,128,131,143,141,141
130,130,125,131,139,133,135,138,132,134,126,136,134,131,133,128,129,132,123,132,132,133,124,125,130,127,119,130,127,133,127,131,110,126,122,125,118,111,123,117,102,113,104,129,104,124,117,117,135,141,137,139,134,128,134,133,146,139,135,147,140,142,137,133,135,126,136,129,134,129,130,134,135,133,133,132,126,140,147,133
138,126,124,120,129,131,137,130,132,139,126,133,131,132,140,131,130,132,132,136,130,133,126,132,124,128,118,131,131,130,120,128,123,111,116,124,118,115,119,118,108,116,103,121,107,118,111,118,139,143,141,137,129,132,132,143,150,138,136,140,139,139,141,139,137,130,134,128,130,125,126,134,132,138,140,130,122,139,134,138
138,131,127,129,133,135,127,133,128,135,131,130,128,121,139,128,132,132,125,132,129,131,127,129,130,128,119,137,130,129,130,129,115,116,112,126,120,109,122,122,99,117,103,127,110,123,107,118,136,141,144,143,128,132,128,133,155,145,135,144,138,133,142,138,136,131,130,133,128,133,126,128,129,136,142,129,125,143,139,137
135,129,124,122,140,128,137,138,128,129,124,134,137,132,133,128,129,137,128,131,131,134,125,132,133,126,118,134,127,131,117,137,113,115,119,124,118,113,127,121,105,117,108,126,105,126,114,121,140,141,139,141,133,135,134,140,145,139,139,142,136,131,141,137,131,127,137,132,130,128,130,130,135,137,130,124,126,134,138,136
135,129,131,129,134,134,133,128,135,134,132,134,135,134,133,130,135,131,130,129,128,132,128,129,127,134,121,133,132,126,127,127,115,118,115,126,114,117,124,120,108,123,102,124,107,126,116,120,136,142,139,131,126,127,130,129,152,140,132,138,137,141,137,136,138,130,132,129,132,129,125,128,132,137,136,132,125,136,136,139
135,134,124,124,127,130,130,139,129,138,130,129,129,129,135,126,132,132,136,132,127,128,129,129,134,129,117,135,124,128,130,127,121,115,115,125,121,116,126,122,108,119,105,127,109,128,113,117,132,139,136,141,129,123,124,138,150,136,137,140,140,132,138,138,136,129,134,132,131,132,127,128,130,137,138,128,123,145,137,140
132,132,122,136,144,126,132,135,125,128,120,136,134,128,133,130,133,129,133,135,130,133,124,124,136,132,120,131,129,128,128,132,121,114,126,125,115,113,126,120,108,115,104,129,113,115,115,122,130,142,139,135,137,133,120,129,153,143,136,143,138,137,143,140,136,130,136,130,132,130,130,130,132,137,131,132,126,142,144,138
135,126,128,123,133,128,137,132,134,137,130,136,132,139,137,126,133,135,132,125,125,137,125,126,132,123,118,129,131,130,124,133,117,113,130,124,115,114,124,123,109,121,106,129,110,125,115,126,138,145,137,134,129,130,123,127,142,138,136,143,139,136,140,152,139,130,140,124,137,127,131,129,138,135,132,131,126,141,143,134
136,129,129,125,133,133,127,132,123,135,123,136,125,131,136,132,133,125,133,130,130,130,124,125,137,130,112,128,127,132,126,129,117,105,127,121,126,116,120,121,112,119,110,124,116,118,114,119,135,141,138,137,132,125,113,137,156,138,131,140,141,133,141,151,138,135,131,132,130,131,127,130,133,137,138,128,127,146,134,143
135,139,123,127,145,132,130,140,126,131,129,130,129,128,135,125,128,131,130,135,128,134,122,129,128,130,120,132,131,132,130,131,122,114,129,124,127,116,126,121,107,121,110,124,112,120,117,122,135,139,134,137,132,126,117,132,148,135,131,138,140,126,138,152,132,127,134,130,132,124,130,126,136,140,134,134,126,148,139,146
128,135,124,125,135,130,137,130,129,132,127,135,137,131,139,131,133,133,126,127,133,127,130,126,131,129,125,134,132,126,121,129,117,115,128,123,116,115,123,122,108,116,105,129,115,128,114,125,139,136,135,136,132,134,123,133,143,140,126,143,133,124,134,153,141,132,139,128,138,130,133,131,131,130,129,131,129,142,139,142
143,130,128,127,132,132,137,130,127,138,132,136,131,125,137,126,135,122,129,134,131,130,122,126,133,129,121,128,132,132,133,127,124,113,131,121,120,117,116,123,109,118,105,121,107,127,122,114,142,142,134,139,133,124,117,136,149,136,132,140,141,120,137,152,138,134,130,134,130,126,127,129,132,136,139,124,117,143,134,148
129,131,130,124,140,132,133,132,126,129,129,126,135,121,133,130,127,136,130,131,130,125,125,133,132,128,132,135,138,130,127,129,125,116,128,121,119,115,128,124,112,118,108,117,111,120,114,115,136,137,142,133,125,129,119,130,144,145,130,134,130,118,135,156,132,132,136,132,132,136,131,127,134,135,132,127,129,140,136,148
133,135,120,120,138,129,141,137,127,133,121,134,132,126,127,127,132,134,127,128,125,132,123,119,136,130,125,126,133,130,121,131,115,112,134,123,120,118,122,124,106,121,107,120,103,124,117,118,138,138,135,134,135,124,121,131,149,133,135,140,131,118,142,152,136,127,133,133,136,129,130,126,134,136,137,134,127,137,139,142
137,121,125,126,136,129,137,129,132,132,130,136,131,129,139,124,142,130,130,131,131,132,119,125,128,125,129,128,125,126,128,129,123,112,127,123,121,122,122,123,113,120,106,114,107,129,108,115,140,142,129,139,126,123,112,119,144,140,130,141,144,117,134,153,137,132,133,132,132,133,127,132,133,141,138,134,127,143,135,145
134,128,129,134,142,136,133,135,122,138,130,129,131,124,134,130,125,137,127,131,120,132,109,120,132,129,127,130,130,132,126,132,120,117,129,129,125,117,124,124,109,123,110,117,106,117,115,120,125,144,131,139,127,126,121,125,150,134,133,144,138,116,137,157,131,132,136,135,130,130,126,125,129,146,142,132,128,140,139,146
133,137,131,126,134,130,134,136,129,125,128,126,133,132,130,126,127,134,131,134,129,130,106,124,131,128,128,125,133,131,126,125,117,113,128,125,124,118,124,124,111,122,108,127,100,117,113,119,134,140,136,129,129,125,121,123,143,134,133,145,132,117,139,154,133,126,137,129,134,128,131,129,131,146,139,135,123,139,145,139
130,131,121,128,132,128,133,129,136,133,127,129,133,132,135,128,131,127,124,126,120,131,106,126,131,120,127,126,126,129,128,131,127,116,126,126,121,116,121,123,114,116,107,121,98,129,118,123,136,141,130,135,124,127,111,117,147,132,129,135,145,125,136,163,138,129,135,132,132,132,128,129,135,141,138,134,124,142,144,142
136,124,129,125,135,140,127,134,126,137,134,128,126,122,137,132,132,131,127,119,128,131,104,123,131,132,129,127,134,129,122,126,123,120,132,128,123,122,125,124,113,120,104,117,102,120,110,123,133,138,137,137,130,118,114,122,145,139,126,134,140,120,136,180,133,132,133,134,128,133,124,130,130,142,145,135,125,148,140,144
135,133,131,131,143,126,137,138,120,128,129,123,128,127,138,125,128,134,136,124,124,125,103,125,130,126,124,134,130,136,130,129,123,117,134,126,123,115,123,125,107,122,110,118,102,127,111,118,137,137,139,135,131,127,113,125,151,136,131,143,133,118,138,184,138,129,138,133,129,130,130,124,130,146,135,138,129,140,141,146
130,129,126,120,139,126,132,127,129,130,126,127,136,126,134,124,132,132,128,120,129,131,105,121,124,130,127,128,132,135,122,129,119,114,130,122,116,123,121,122,117,118,105,114,98,123,116,124,136,139,129,129,130,130,116,117,140,133,130,146,133,118,131,189,138,128,134,132,134,128,130,131,133,136,135,138,127,139,140,137
139,124,124,118,139,135,132,134,134,136,134,132,129,122,134,132,134,127,131,129,129,121,105,124,133,126,127,129,128,131,130,121,120,110,126,121,124,118,121,127,116,119,105,111,108,126,111,121,136,137,134,131,129,117,113,124,152,134,132,137,143,118,133,196,141,131,130,131,128,132,125,129,133,139,139,132,124,143,136,142
136,131,125,129,141,123,139,134,127,129,127,130,129,120,137,126,134,133,135,128,131,129,104,120,125,131,131,129,134,136,126,131,123,118,127,125,123,116,123,122,119,123,112,121,101,122,98,117,132,141,135,137,132,123,115,120,138,140,134,139,140,116,139,197,137,132,134,133,128,125,130,129,135,144,139,140,128,146,142,145
129,130,138,135,126,137,129,125,130,126,132,143,149,130,129,132,133,131,127,128,129,124,130,127,127,132,134,139,135,134,132,128,117,0,131,136,110,114,131,0,148,125,137,116,128,102,110,136,134,125,152,149,153,145,140,144,141,154,143,160,130,140,157,132,145,124,144,134,121,128,130,132,126,132,116,131,127,124,133,129
