Down10h.txt,Down11h.txt,Down12h.txt,Down13h.txt,Down14h.txt,Down15h.txt,Down16h.txt,Down17h.txt,Down18h.txt,Down19h.txt,Down20h.txt,Down5h.txt,Down6h.txt,Down7h.txt,Down8h.txt,Down9h.txt,Blink10h.txt,Blink11h.txt,Blink12h.txt,Blink13h.txt,Blink14h.txt,Blink15h.txt,Blink16h.txt,Blink17h.txt,Blink18h.txt,Blink19h.txt,Blink20h.txt,Blink5h.txt,Blink6h.txt,Blink7h.txt,Blink8h.txt,Blink9h.txt,Right10h.txt,Right11h.txt,Right12h.txt,Right13h.txt,Right14h.txt,Right15h.txt,Right16h.txt,Right17h.txt,Right18h.txt,Righth19.txt,Right20h.txt,Right5h.txt,Right6h.txt,Right7h.txt,Right8h.txt,Right9h.txt,Left10h.txt,Left11h.txt,Left12h.txt,Left13h.txt,Left14h.txt,Left15h.txt,Left16h.txt,Left17h.txt,Left18h.txt,Left19h.txt,Left20h.txt,Left5h.txt,Left6h.txt,Left7h.txt,Left8h.txt,Left9h.txt,Up10h.txt,Up11h.txt,Up12h.txt,Up13h.txt,Up14h.txt,Up15h.txt,Up16h.txt,Up17h.txt,Up18h.txt,Up19h.txt,Up20h.txt,Up5h.txt,Up6h.txt,Up7h.txt,Up8h.txt,Up9h.txt
123,127,133,147,122,127,127,132,128,126,129,135,137,136,129,131,135,125,142,132,129,130,141,133,132,131,127,134,128,128,137,127,129,139,140,126,127,136,139,140,145,131,135,125,141,135,117,137,133,139,136,130,129,134,134,145,129,133,141,133,134,131,131,134,125,123,129,127,128,145,152,148,143,152,147,152,152,142,146,147
126,135,137,143,128,130,125,137,126,124,129,136,133,136,133,131,128,133,136,130,120,138,136,126,132,131,133,131,138,135,131,138,124,135,143,129,129,131,143,138,141,137,133,122,130,139,127,136,142,137,141,132,136,140,140,141,135,140,144,134,129,128,129,134,129,123,131,127,127,142,153,148,140,152,149,147,158,149,145,141
134,130,134,152,128,129,130,136,121,127,135,138,139,133,127,129,128,132,137,123,128,134,142,126,125,120,129,127,138,138,128,137,129,134,136,126,119,136,138,134,134,136,134,127,134,144,127,140,140,133,137,124,130,140,147,137,136,137,147,132,130,126,131,128,127,121,127,129,130,140,149,144,146,150,143,152,148,142,144,140
131,135,132,147,124,122,132,130,125,124,132,133,133,132,127,136,134,125,142,130,129,129,142,134,135,130,123,132,130,133,134,132,127,138,136,127,128,131,144,139,141,131,135,126,136,137,124,135,134,139,133,133,126,133,139,144,130,130,139,131,134,133,128,133,125,123,131,126,132,147,149,146,143,149,146,151,152,141,147,140
125,129,137,146,129,130,128,135,126,123,127,135,132,131,130,132,131,132,141,132,121,135,132,130,134,131,133,133,132,131,136,133,127,139,146,132,130,130,141,141,141,138,132,121,132,137,121,130,140,141,140,134,133,142,137,144,136,140,145,133,130,127,130,134,130,123,131,126,129,144,149,147,140,152,151,148,156,143,143,145
131,127,136,150,127,126,128,136,124,128,126,136,138,128,130,134,128,134,134,124,127,140,139,126,125,122,132,127,139,139,127,141,122,138,133,126,124,133,145,138,135,134,133,129,133,140,130,137,142,132,140,127,129,142,146,137,137,138,145,130,130,124,133,131,125,124,130,128,125,141,155,144,143,150,147,147,153,142,143,137
130,133,135,144,127,120,131,138,129,126,131,132,134,132,126,135,131,125,144,131,131,128,144,132,133,128,124,133,133,135,134,132,128,134,140,123,125,133,141,136,138,131,135,128,135,136,125,140,133,140,133,130,125,136,143,142,134,132,140,127,131,126,127,131,127,124,131,130,133,142,147,144,145,148,145,150,151,143,146,145
127,131,136,145,127,128,130,130,126,121,134,136,133,137,130,132,136,131,143,132,124,135,136,132,136,132,131,133,134,130,135,133,129,138,143,131,129,130,135,139,142,135,130,121,139,134,122,132,139,141,140,133,130,137,137,144,132,137,141,134,129,134,131,137,128,125,129,126,127,144,150,147,136,153,150,146,154,144,142,141
133,130,136,146,124,128,128,141,128,128,127,138,135,135,132,125,127,133,134,125,124,137,137,125,126,123,133,129,139,137,127,137,127,140,142,132,126,131,140,137,137,136,134,127,133,143,128,138,140,133,141,131,136,144,144,139,139,142,146,137,126,126,133,134,125,120,129,127,125,137,152,144,139,151,148,147,154,146,142,142
128,132,130,148,128,127,131,135,121,126,131,132,135,134,126,133,132,128,139,127,131,133,143,131,130,126,127,127,135,136,131,140,127,135,137,122,121,132,144,136,139,129,138,129,135,144,127,141,138,135,134,128,126,137,145,138,137,133,143,125,134,130,130,131,129,126,131,130,129,146,148,143,142,148,145,151,153,143,147,140
126,130,134,145,120,125,130,138,130,125,135,133,134,137,129,132,135,127,141,132,128,131,139,135,135,131,129,135,130,130,137,129,133,139,141,133,134,130,140,137,142,134,133,126,132,136,120,131,137,139,136,132,131,135,136,144,131,134,138,134,135,133,128,135,130,125,130,128,128,145,146,145,141,150,148,147,152,141,146,146
132,128,136,146,132,129,127,135,127,125,126,136,133,136,129,130,128,131,134,131,124,139,137,127,131,129,134,134,139,135,130,138,123,141,144,131,125,128,145,138,141,135,134,129,132,138,125,134,143,138,142,129,135,142,141,139,135,141,145,138,129,125,135,138,127,121,131,129,127,144,154,146,146,154,150,148,156,151,144,138
132,128,135,153,133,126,128,138,119,129,130,134,139,131,131,137,132,131,135,124,130,136,140,128,128,124,129,127,137,139,131,140,122,134,139,121,121,133,144,132,132,132,133,132,135,141,126,139,138,136,135,128,127,137,146,134,136,137,145,126,128,127,133,131,129,126,128,130,132,144,151,141,144,146,145,152,151,140,149,139
127,129,132,144,123,126,131,133,128,123,136,137,137,138,130,135,136,124,140,132,132,129,142,136,135,131,124,135,130,130,134,128,132,141,141,126,127,132,139,140,144,135,134,128,137,137,125,136,138,140,137,131,124,131,139,141,128,133,139,132,132,132,126,134,131,125,133,128,132,148,149,144,144,152,147,149,152,146,145,142
126,131,137,140,129,127,127,136,126,127,129,141,133,133,134,131,134,131,139,132,122,137,133,127,136,132,132,131,138,133,136,135,127,142,146,131,131,129,140,139,141,137,131,119,133,133,124,133,141,143,141,134,134,142,138,142,134,139,145,139,132,129,134,138,127,120,135,126,127,147,150,147,139,152,148,146,154,142,142,142
134,124,136,147,126,123,129,139,124,127,126,133,141,130,132,128,129,135,133,123,129,137,140,126,127,123,134,126,141,140,128,137,125,139,134,129,119,133,146,131,134,136,134,131,132,136,130,141,142,132,140,126,131,139,143,136,138,141,144,131,128,123,133,130,130,125,130,127,127,144,150,143,141,149,144,150,151,144,145,141
135,132,135,143,128,120,131,132,127,129,135,131,134,134,127,135,134,124,141,130,133,130,143,132,135,130,125,131,130,134,137,133,129,133,144,122,129,134,140,138,140,130,135,127,133,136,127,139,134,140,134,133,125,134,141,140,131,133,142,128,130,131,127,133,129,123,135,132,131,145,145,143,145,148,147,149,148,141,146,141
125,134,135,141,124,126,133,133,125,123,132,139,134,137,132,137,135,129,142,135,125,134,134,134,136,134,132,135,137,132,137,129,132,141,143,132,130,132,136,143,145,134,132,122,135,133,121,135,142,141,140,135,131,138,135,144,136,140,144,139,130,131,131,138,125,122,134,129,128,147,152,144,137,151,147,147,154,143,144,145
131,129,139,142,127,127,127,137,128,127,128,139,138,133,130,132,129,133,132,125,127,140,140,126,129,123,135,128,138,138,128,139,122,135,141,130,123,130,142,138,135,138,135,128,131,137,130,142,142,134,141,129,134,143,145,135,138,140,148,135,133,127,135,134,127,124,131,131,126,141,154,145,142,146,143,148,153,146,144,138
130,127,133,148,129,123,131,135,122,128,130,135,134,135,129,138,133,126,139,128,131,131,145,133,135,127,127,127,134,137,135,138,128,133,137,124,123,132,144,135,139,130,138,127,138,134,129,144,137,138,135,129,128,136,143,140,135,135,140,127,131,133,127,133,128,123,133,130,130,147,147,140,143,148,140,152,153,140,149,143
132,134,134,142,122,127,131,131,129,126,136,139,134,135,127,128,136,127,141,133,131,133,139,135,136,132,130,136,131,128,139,131,133,137,139,134,130,130,137,142,143,141,133,119,136,132,120,134,140,140,137,132,129,135,137,142,132,137,142,133,135,133,131,136,125,123,133,127,128,148,150,142,139,149,143,147,153,147,143,140
129,131,139,140,130,128,127,140,125,125,126,135,138,133,132,133,128,132,132,130,123,137,135,127,132,127,135,130,140,137,132,137,124,141,145,130,128,132,143,138,140,138,132,126,128,135,126,138,146,137,142,134,132,141,142,139,138,141,149,133,134,127,136,138,128,125,130,131,126,144,150,143,141,151,143,148,152,146,145,141
127,124,135,147,130,123,133,134,125,127,130,134,135,133,130,137,131,129,135,129,133,135,142,129,127,125,130,128,136,138,133,140,130,134,133,124,126,129,143,135,138,131,133,125,136,135,136,141,139,135,136,127,129,139,146,134,136,139,149,131,135,130,133,132,132,124,131,127,128,145,145,138,142,146,140,151,151,142,143,140
131,131,134,144,121,126,130,133,126,127,133,138,137,136,133,133,137,126,139,133,132,128,142,136,136,132,127,136,128,131,138,127,137,140,146,127,127,136,137,141,138,136,132,121,136,136,127,136,138,140,138,134,131,131,137,145,130,133,139,132,136,134,129,136,125,122,132,129,129,147,148,141,141,149,143,146,154,144,146,140
130,131,140,139,125,128,130,136,129,123,131,138,133,140,128,132,131,130,137,134,122,134,135,131,138,132,133,133,138,135,137,139,125,141,141,136,125,126,144,141,142,138,131,126,130,128,127,137,141,140,142,134,134,143,139,141,136,140,147,137,130,130,137,139,129,125,134,130,129,145,149,149,141,151,144,147,154,145,141,144
133,125,138,143,128,124,127,138,124,130,132,136,139,132,128,138,130,132,132,126,130,138,142,129,128,123,132,126,140,138,130,138,129,135,140,127,124,131,145,134,136,130,136,128,133,133,134,140,142,134,139,128,135,140,148,132,138,139,146,132,133,128,136,132,133,122,130,128,126,148,146,145,143,143,140,147,149,145,146,138
133,131,133,145,126,123,132,133,127,126,135,133,138,137,128,135,137,123,141,134,131,129,141,134,136,129,126,134,130,133,138,134,136,134,141,127,126,135,140,138,134,133,136,127,137,139,130,142,135,141,136,133,124,130,145,143,130,132,138,130,134,135,130,134,124,123,134,130,131,150,149,142,143,150,143,151,150,140,147,142
128,128,138,138,125,124,131,135,128,127,131,139,134,140,135,132,134,130,142,136,123,133,135,134,137,130,133,136,138,131,139,131,131,141,146,131,126,129,139,145,144,137,131,125,132,127,130,134,143,142,138,136,132,139,139,144,134,140,145,135,133,129,134,138,129,122,135,131,128,149,151,147,138,150,143,145,153,145,140,145
137,127,139,139,130,128,127,137,121,128,127,138,140,136,134,137,127,135,130,128,128,138,139,127,130,124,134,126,139,140,131,139,125,138,141,129,125,129,145,135,133,138,133,127,132,134,131,143,144,135,142,130,135,141,142,137,138,139,148,135,134,125,138,134,134,122,131,127,128,146,152,142,141,148,143,152,150,145,146,142
132,133,136,142,125,122,134,136,126,126,135,135,139,136,129,138,137,126,139,129,134,133,145,134,132,126,127,131,134,134,139,139,135,136,135,126,121,134,143,138,139,129,132,128,134,138,130,141,136,141,135,129,128,136,145,141,133,132,140,129,137,135,130,133,126,124,136,133,130,148,146,139,142,149,141,151,150,140,144,141
129,128,136,140,123,125,131,132,128,125,135,141,132,138,132,135,137,128,140,133,130,132,136,137,139,132,131,135,132,133,140,129,132,141,146,131,131,131,139,141,141,138,134,123,134,128,126,133,140,140,141,136,131,137,132,140,133,137,143,135,139,133,132,139,136,122,133,132,128,146,150,141,137,151,143,147,153,144,145,146
131,128,144,139,128,124,129,138,126,126,127,136,134,132,133,130,129,135,129,129,127,138,136,127,129,126,136,131,140,137,131,140,123,140,141,134,126,126,142,137,141,139,136,126,128,131,129,142,144,135,147,133,134,141,142,141,139,143,147,137,129,125,136,136,141,127,132,130,126,143,152,146,141,150,143,149,151,146,142,138
136,127,136,143,127,124,132,138,124,128,133,132,142,133,129,135,134,128,136,129,134,134,144,132,129,123,130,125,137,138,136,139,134,135,137,125,119,134,142,136,137,135,135,127,132,138,133,142,139,137,136,129,130,136,144,139,138,136,145,127,135,132,135,132,139,126,134,132,133,149,145,139,141,146,139,151,148,144,147,140
130,132,137,146,124,122,137,132,127,123,133,136,135,139,132,136,139,126,139,134,132,130,142,135,136,131,130,135,132,128,138,129,133,138,141,132,130,132,134,135,145,137,132,127,136,130,125,138,136,142,139,133,130,133,138,145,129,136,139,134,136,135,129,138,147,122,135,130,128,149,150,145,140,149,146,144,153,142,143,141
129,133,146,137,129,122,128,138,127,126,132,138,133,137,134,132,130,132,136,133,124,137,134,130,134,130,135,132,139,134,137,137,129,143,149,132,130,127,143,143,140,137,136,124,128,129,127,137,143,138,143,136,135,142,142,139,136,143,146,138,131,129,137,139,153,127,134,130,129,141,152,141,139,151,148,148,153,148,140,139
133,124,136,141,128,123,131,137,124,129,127,134,138,133,133,134,131,131,134,128,133,138,142,127,128,122,134,126,139,138,131,138,131,128,139,133,120,131,144,135,138,136,134,130,128,139,133,142,141,135,138,129,133,143,144,134,139,139,146,131,131,128,137,131,151,125,137,131,131,142,149,138,142,145,144,147,148,142,148,141
130,129,133,140,128,119,132,135,125,127,135,134,137,135,129,139,140,124,142,133,133,129,143,135,136,131,125,135,130,132,139,133,134,137,137,127,128,135,140,140,139,131,133,131,137,131,128,142,136,142,137,133,128,131,140,141,132,134,141,129,136,132,131,137,158,124,134,129,132,142,145,139,141,147,149,145,152,142,146,140
131,128,137,136,123,127,132,138,130,126,132,138,140,137,134,134,133,132,140,136,125,136,137,133,137,134,134,137,137,133,138,134,133,141,147,136,126,130,140,143,142,137,131,124,131,129,128,133,143,141,143,137,134,138,137,142,137,140,143,136,136,129,136,140,159,123,133,131,130,143,153,142,139,149,152,148,150,146,139,144
135,127,141,140,129,124,129,136,124,128,126,136,141,136,133,135,130,134,133,127,130,138,141,127,126,121,135,127,141,138,128,136,126,140,137,131,121,126,141,139,133,141,138,126,127,136,133,143,144,135,140,132,136,141,144,138,138,141,146,135,133,126,138,133,152,127,133,131,130,137,152,141,141,145,148,149,154,146,143,137
132,131,131,139,126,120,131,137,124,127,136,131,136,139,128,139,137,128,135,131,135,133,142,133,135,128,129,132,131,135,137,135,133,136,139,128,125,131,140,140,138,135,134,130,133,132,132,139,138,140,136,132,127,134,144,144,132,135,139,132,139,131,131,136,160,124,135,130,133,138,146,142,140,145,150,151,151,144,148,145
134,128,140,138,127,124,130,135,129,122,129,140,138,137,134,136,137,129,142,136,132,134,139,136,139,131,130,136,135,131,138,132,132,142,143,131,126,130,134,141,140,143,133,122,135,129,128,136,141,143,140,138,135,138,139,147,134,142,142,134,132,133,131,139,158,126,133,132,130,135,149,143,138,148,151,149,151,146,140,141
134,127,139,140,130,126,127,138,127,127,130,139,138,135,137,131,128,135,134,130,129,139,138,126,131,126,136,129,141,138,132,136,124,140,146,133,129,125,147,139,138,142,133,125,125,130,131,140,141,139,143,135,137,141,145,136,139,142,146,133,129,127,135,136,154,127,134,132,129,137,151,142,142,147,148,146,153,148,145,141
133,125,137,143,125,123,136,139,125,126,132,133,137,138,129,137,135,129,137,129,135,134,142,130,132,123,129,128,135,139,134,140,134,135,134,123,124,135,144,138,137,132,133,128,135,131,133,143,138,138,137,130,130,137,144,142,133,137,146,126,135,132,132,133,157,126,136,129,130,136,145,140,143,145,147,149,150,141,144,139
128,131,138,142,124,120,133,134,132,123,129,138,134,135,130,134,138,126,140,136,133,131,141,135,137,130,129,134,134,131,142,128,130,141,147,134,130,131,137,140,140,138,132,125,135,129,128,140,139,143,141,137,131,135,137,143,133,139,141,136,138,135,127,139,158,130,136,133,130,135,149,141,141,147,152,147,154,144,141,146
130,125,140,135,130,125,129,141,129,128,130,140,139,136,133,135,132,134,136,133,128,140,135,130,135,129,135,133,138,138,133,138,125,143,141,132,130,126,139,140,139,140,134,123,127,132,131,139,143,139,142,137,136,141,143,139,136,142,148,135,134,129,136,139,154,128,131,135,129,138,150,143,141,150,153,145,155,147,141,138
138,124,137,142,124,122,131,136,122,127,137,136,139,135,129,135,135,132,132,128,134,135,142,129,128,120,133,126,139,139,128,138,132,134,139,131,124,134,141,137,135,138,135,130,128,134,136,143,142,137,138,130,136,136,142,137,138,137,147,129,137,128,137,131,155,126,137,130,129,138,144,138,145,145,147,151,152,144,142,141
130,133,136,139,125,125,132,136,130,130,136,131,139,140,132,139,141,125,139,134,137,129,144,134,137,129,127,135,131,130,139,132,133,135,139,128,123,129,138,140,142,134,136,127,132,132,128,136,136,140,139,135,128,135,138,146,132,136,140,132,137,135,128,140,156,128,135,134,131,136,144,139,139,147,152,148,156,145,144,144
131,127,138,135,126,128,132,138,129,126,132,137,135,137,137,134,134,131,139,138,126,137,134,134,136,132,135,134,139,136,136,134,132,141,148,136,130,129,141,141,140,142,134,119,132,132,129,137,144,141,144,139,135,140,141,143,135,140,146,136,133,132,134,140,154,128,133,130,132,141,146,139,140,149,153,142,155,148,140,143
136,122,137,146,128,125,130,138,125,129,131,136,142,134,135,134,131,135,130,127,134,140,141,127,129,120,136,127,142,139,128,141,127,139,138,131,122,135,142,139,135,133,135,134,126,131,134,141,143,137,141,130,137,143,145,137,141,141,149,133,129,127,137,134,151,127,138,129,131,135,147,141,141,145,149,149,150,142,144,137
134,132,133,143,128,124,133,135,125,125,133,132,139,141,132,142,140,124,137,133,134,133,144,133,135,128,127,130,134,135,137,135,136,138,141,129,128,131,135,140,137,137,136,127,132,136,132,142,139,140,136,132,128,131,139,145,131,137,140,127,137,137,129,137,142,130,136,132,131,135,147,139,144,146,152,150,153,144,146,144
129,128,138,134,126,123,131,133,130,123,131,139,138,135,134,133,137,130,140,137,130,136,139,137,141,130,133,136,136,132,136,131,130,140,143,137,133,129,138,142,143,133,131,122,132,123,130,138,139,143,143,135,136,139,138,144,137,141,143,136,138,135,133,141,136,129,134,129,130,139,148,145,141,149,152,145,157,144,139,141
136,124,140,136,132,128,128,142,126,133,130,138,137,135,132,133,130,135,133,130,131,141,138,128,131,124,135,131,140,139,129,139,127,142,143,131,126,132,141,140,136,142,137,128,121,133,134,142,144,139,143,133,139,139,142,137,140,143,148,137,131,127,137,136,133,126,139,131,127,137,147,141,140,145,149,148,155,145,143,142
135,129,140,141,125,123,134,135,122,127,134,132,140,142,129,138,136,128,138,132,136,135,143,133,134,125,130,131,134,138,133,138,133,132,134,132,123,132,144,136,141,132,136,132,134,133,134,146,140,139,135,128,128,137,145,140,134,137,145,130,136,137,133,135,127,130,136,134,133,139,140,138,144,145,149,149,152,145,148,140
135,131,138,133,124,122,132,133,132,125,133,138,137,139,133,138,139,129,140,138,133,132,141,135,141,134,132,135,133,131,138,128,131,139,146,133,131,132,137,140,140,140,135,125,135,128,131,142,140,145,141,136,134,134,138,148,134,138,140,134,136,137,134,139,126,133,135,130,132,136,150,142,138,145,151,147,158,143,141,147
134,131,145,135,129,127,127,137,127,126,128,141,134,139,135,134,131,133,135,135,128,138,135,131,136,129,135,132,140,140,133,138,126,139,142,137,128,126,139,140,141,137,134,125,126,127,133,135,143,139,143,137,137,141,143,140,140,146,146,136,134,128,139,137,126,130,138,133,131,134,149,142,143,148,151,150,155,147,142,140
136,124,141,145,124,127,133,137,123,131,131,135,146,133,136,137,136,131,133,128,136,138,142,130,132,123,134,128,140,140,130,141,131,139,136,130,120,132,140,135,135,132,136,130,131,136,133,146,143,138,137,130,131,138,145,137,139,139,148,134,135,130,134,131,124,131,135,135,134,139,145,137,144,143,148,151,149,144,143,141
132,131,137,136,126,120,130,137,129,125,140,135,139,141,132,138,139,127,140,135,136,130,143,136,137,130,127,134,131,131,139,129,132,140,138,131,131,130,137,137,142,138,133,131,132,129,131,142,136,145,140,137,131,135,140,142,132,135,141,132,140,134,130,141,125,132,135,132,134,138,144,139,141,145,152,153,156,142,144,146
129,128,144,135,125,125,130,133,129,128,129,141,133,137,137,134,135,132,138,138,128,137,135,133,137,132,134,136,140,136,136,135,131,142,146,139,129,128,140,140,141,141,132,121,125,130,130,139,144,140,144,139,135,139,143,142,139,141,147,135,130,133,136,140,125,129,135,135,131,140,148,145,139,151,154,153,157,148,139,140
133,126,143,141,129,124,128,139,128,129,135,140,139,137,135,133,133,133,132,127,136,141,142,128,129,121,135,126,142,141,130,134,126,139,138,131,121,130,142,133,132,135,137,127,128,132,133,145,144,136,139,131,134,137,144,138,142,140,147,133,132,130,136,133,125,131,138,136,133,137,146,141,143,144,150,160,150,145,145,140
135,132,135,134,125,122,136,135,129,130,135,136,141,140,130,138,138,125,139,134,137,130,140,134,138,131,127,134,129,134,137,132,132,136,140,132,128,130,135,138,143,137,134,131,134,132,135,145,134,142,138,135,130,135,139,140,131,138,143,128,142,138,130,138,125,129,139,133,132,135,143,143,144,148,150,163,155,141,144,143
130,131,140,134,125,124,133,140,130,123,134,138,138,137,138,134,138,134,142,138,128,135,137,134,139,128,132,137,136,136,138,133,137,143,143,136,134,126,140,140,142,141,133,121,127,124,128,144,142,142,143,138,136,140,135,142,136,142,144,138,134,134,137,142,126,133,135,136,132,141,149,145,138,146,155,159,156,148,140,145
139,124,138,137,129,125,129,137,127,128,131,136,142,134,131,137,130,136,132,129,131,139,138,127,132,122,133,127,142,142,130,137,127,137,140,135,127,128,143,138,136,137,136,131,121,134,134,150,144,135,143,135,136,142,143,135,140,143,148,136,131,129,139,133,125,128,137,136,132,136,150,137,143,147,149,165,151,146,142,137
132,125,137,134,125,120,137,138,123,130,136,138,142,139,131,141,139,127,137,133,136,133,141,134,135,124,126,130,135,137,135,137,138,129,139,127,126,134,140,137,141,138,138,131,133,131,138,153,141,139,136,132,131,134,146,143,134,138,143,132,139,133,133,138,125,133,136,134,133,139,143,140,146,144,150,166,151,143,145,145
134,129,138,133,126,125,134,134,134,128,133,140,136,139,132,136,140,129,142,138,132,132,139,138,140,130,128,138,138,135,138,129,135,138,141,137,129,129,135,140,141,134,136,126,133,129,127,145,142,143,141,139,132,137,138,140,135,139,141,137,143,139,136,140,126,133,134,136,132,138,147,142,141,146,153,166,157,146,143,143
137,126,140,134,130,129,128,140,128,128,130,139,133,135,134,135,130,135,134,135,131,141,134,128,133,128,130,132,142,143,133,138,131,139,146,137,133,128,141,141,135,138,136,130,124,131,129,146,144,139,145,137,137,141,144,140,138,142,145,141,131,132,139,138,127,127,138,134,133,139,147,141,144,147,153,176,157,148,142,143
132,129,143,140,128,125,132,139,125,131,138,135,142,135,136,142,136,130,136,131,137,137,139,131,133,129,127,128,138,141,135,138,136,134,135,127,127,136,141,136,137,132,139,129,130,132,136,154,143,140,141,130,133,138,144,139,137,139,145,132,140,136,136,134,125,129,137,133,133,137,141,138,145,142,150,176,147,142,149,142
133,128,135,137,124,124,134,136,131,125,133,134,138,134,135,136,141,129,140,139,137,132,142,136,138,142,122,137,133,135,149,133,136,136,145,134,130,130,134,141,143,136,134,125,134,125,129,148,136,142,139,137,132,131,139,146,134,134,140,132,140,140,131,141,129,132,135,136,132,138,148,141,141,146,149,175,155,145,141,149
131,129,146,135,130,129,130,142,132,127,131,139,136,126,133,136,133,136,139,137,128,138,132,132,141,157,127,134,141,138,154,132,131,136,144,137,131,129,141,142,139,142,134,128,124,130,133,143,145,141,147,138,138,141,139,140,138,143,146,135,133,134,138,142,126,129,142,130,129,137,147,143,142,148,153,174,155,150,144,143
134,123,142,140,126,124,133,138,127,128,131,139,142,119,133,141,134,136,134,130,136,140,139,127,129,161,130,127,141,142,161,138,137,134,140,135,123,130,142,137,134,131,138,129,129,135,136,146,143,137,139,132,139,144,145,139,141,143,148,139,136,135,138,134,125,131,137,135,132,138,146,140,143,141,149,178,149,146,143,143
136,130,136,135,127,126,132,137,125,128,134,134,138,119,129,138,142,128,139,139,138,129,141,133,139,173,128,135,133,135,171,135,131,132,142,130,129,130,136,141,144,134,135,127,131,131,129,147,136,141,137,135,133,137,142,143,135,141,143,129,141,139,131,142,129,133,134,139,134,142,142,140,142,148,151,179,152,148,148,142
133,131,139,138,128,129,136,136,130,126,134,142,135,116,135,139,136,133,140,139,130,136,134,136,141,173,143,137,139,136,170,134,136,139,143,142,135,130,136,146,141,140,134,127,133,126,132,136,144,142,146,138,138,140,138,144,140,142,141,135,134,138,136,138,126,131,141,134,130,140,144,143,143,147,155,174,154,148,139,147
133,124,138,132,129,125,133,138,128,131,132,138,143,113,136,135,132,137,128,130,135,139,137,126,130,163,158,128,142,142,158,140,129,140,142,135,125,126,140,148,135,134,140,130,128,132,135,135,144,135,142,134,137,140,146,137,141,143,148,135,133,138,138,137,130,127,135,138,132,133,147,138,142,145,152,177,151,147,148,136
133,128,136,138,130,125,133,139,126,127,137,132,138,112,133,139,139,128,140,135,139,133,143,133,136,160,165,134,131,138,161,136,134,127,136,127,125,132,139,150,141,137,136,130,130,132,133,136,138,140,136,133,131,135,141,143,133,135,145,127,140,148,130,138,127,134,136,137,134,137,143,139,147,142,151,175,150,144,145,146
131,132,137,133,125,125,134,138,132,125,135,138,138,105,135,138,139,132,139,137,134,132,139,137,140,159,177,138,137,134,158,130,139,139,142,136,131,129,134,162,143,139,133,129,130,124,132,124,141,143,143,138,138,137,136,143,135,138,136,139,139,145,135,141,126,131,139,132,131,140,146,141,142,148,154,172,155,147,141,143
135,128,144,133,127,127,128,141,129,131,130,137,136,98,135,136,129,137,134,133,132,139,134,129,134,147,187,131,141,142,143,140,132,137,146,137,130,125,140,159,135,141,139,131,123,133,134,128,145,138,143,136,138,141,143,137,142,146,144,137,133,145,139,137,127,133,136,135,134,138,147,145,146,145,152,179,151,148,145,141
139,125,136,137,127,127,134,138,122,127,134,134,140,98,133,142,137,131,134,131,139,138,143,131,133,140,182,131,138,139,145,140,138,132,133,130,126,134,139,158,136,132,139,129,132,130,137,131,142,137,137,131,131,138,143,140,137,138,139,134,138,147,135,135,128,134,133,136,135,135,139,138,145,144,150,178,151,146,148,144
129,131,136,133,122,122,137,134,134,128,138,142,141,99,132,139,139,128,142,139,138,130,141,137,138,142,175,138,134,134,149,132,136,134,140,133,131,132,137,162,141,139,132,126,132,124,134,127,139,146,141,139,133,135,137,146,134,141,133,136,145,143,134,140,127,130,139,135,133,141,147,142,141,144,151,173,155,145,140,144
133,128,144,132,126,129,131,140,130,124,128,142,137,96,137,136,130,136,136,138,130,140,134,138,137,139,179,136,141,139,139,137,132,139,146,137,131,125,140,162,137,139,135,125,125,128,134,127,145,141,146,139,139,141,144,146,141,141,139,139,132,136,137,140,128,133,135,139,133,137,148,144,143,146,154,172,154,148,145,144
135,121,138,134,129,124,130,142,126,130,134,137,145,97,136,141,134,135,133,130,138,141,141,146,130,131,169,129,141,141,140,140,134,133,132,132,126,133,140,156,134,135,136,128,121,126,137,132,142,136,141,131,134,141,143,139,137,143,133,132,138,141,138,133,132,136,137,135,134,133,143,141,145,143,147,168,148,145,144,142
132,128,140,136,127,125,138,137,127,126,132,135,138,97,134,142,140,128,137,138,142,131,141,169,136,135,156,138,132,134,142,132,138,133,144,129,126,133,135,161,140,136,135,132,127,128,131,132,137,142,140,136,130,136,136,143,134,137,131,131,145,129,133,135,125,128,136,135,133,143,140,142,145,146,154,153,152,145,147,147
132,127,141,132,129,126,132,143,127,124,129,142,137,93,137,140,136,133,139,139,129,138,133,175,138,137,157,139,138,136,140,133,138,139,143,140,134,128,141,161,141,142,136,129,126,122,126,121,141,142,142,140,139,139,143,145,136,142,138,141,138,131,138,136,128,135,139,139,134,140,147,144,140,146,155,145,153,150,138,143
138,128,142,131,130,127,130,139,129,130,131,140,142,102,136,138,133,136,133,131,139,142,136,175,130,128,157,129,141,143,134,138,130,138,140,137,126,133,143,154,134,136,140,133,115,130,139,131,144,138,143,134,136,140,148,137,141,142,133,139,134,132,139,126,131,134,138,136,133,139,148,140,144,140,151,138,149,148,146,142
131,124,137,136,129,121,136,140,128,129,133,134,138,101,131,142,138,129,138,134,140,130,145,182,136,132,145,135,133,138,139,137,139,130,138,131,125,130,138,159,139,136,134,134,127,125,134,135,139,141,139,134,127,129,143,141,135,136,132,132,143,124,133,129,125,131,136,138,138,139,142,143,148,144,152,133,151,146,145,142
127,129,138,131,123,126,135,136,134,127,135,142,136,94,136,141,139,132,140,139,134,136,138,182,139,136,145,136,136,137,141,132,138,141,142,136,131,131,133,158,139,136,136,130,125,119,130,127,142,140,143,140,134,137,135,147,136,142,134,137,139,128,138,133,130,135,139,138,140,137,145,142,141,144,152,130,150,146,143,148
138,126,142,132,133,130,132,139,129,129,133,142,143,105,135,135,131,138,132,134,134,139,138,166,135,130,148,128,141,141,133,137,133,136,141,131,128,129,139,157,136,134,136,132,117,127,138,131,144,140,145,137,135,130,144,137,138,142,129,136,132,127,138,122,133,136,138,137,145,139,143,140,144,145,154,133,152,150,148,138
133,127,138,136,130,125,136,137,124,130,134,133,140,106,135,142,139,131,136,131,139,134,147,166,134,128,137,134,136,141,138,139,135,132,136,126,120,135,141,154,138,132,139,136,127,128,137,137,141,140,138,133,130,119,143,141,135,138,128,132,139,121,134,127,127,131,136,139,152,141,141,140,146,138,150,132,147,147,147,146
131,131,140,134,125,120,132,135,133,128,137,138,139,111,138,139,143,131,141,140,133,132,154,163,139,132,136,139,133,134,143,133,138,140,141,129,130,130,137,158,143,141,132,129,126,125,128,126,138,142,142,138,139,125,134,144,134,140,131,137,143,127,134,123,131,134,137,137,154,139,145,141,144,143,153,130,153,146,142,143
133,126,142,131,129,129,125,142,127,128,127,140,141,121,137,137,131,139,136,136,132,139,160,153,137,131,143,138,141,141,133,136,131,138,148,135,129,127,142,154,142,141,134,129,121,124,135,130,145,141,144,140,139,121,143,139,140,143,126,140,135,128,138,117,130,136,137,137,159,138,147,141,142,147,154,131,152,149,145,146
134,121,141,137,132,126,133,139,123,131,131,139,140,140,132,141,136,135,133,132,140,137,178,146,129,123,141,131,139,140,134,139,130,134,136,124,126,132,141,151,136,133,136,138,125,136,135,134,143,138,141,131,128,118,147,134,138,139,129,133,135,123,140,123,126,131,136,140,160,141,138,138,146,140,150,132,147,147,149,139
127,126,134,133,129,123,137,136,125,123,133,137,143,147,134,138,140,128,141,138,138,130,182,151,139,131,133,138,134,135,140,132,137,135,145,128,129,135,135,152,143,143,133,135,130,127,130,130,138,143,141,140,136,119,139,141,133,132,133,133,145,129,131,121,130,134,138,139,163,140,141,142,146,144,152,130,156,144,143,146
119,130,144,127,129,128,131,140,122,119,132,135,139,145,140,138,136,134,138,140,132,141,175,146,139,133,140,139,140,139,139,135,130,141,144,130,132,129,142,154,138,141,133,123,125,126,135,128,143,143,145,138,129,117,141,138,139,139,127,138,139,125,140,115,129,136,139,138,163,141,146,144,141,145,155,129,154,153,143,145
111,122,142,133,135,127,134,138,115,125,130,139,143,151,134,138,132,137,133,130,136,149,173,137,131,122,135,131,138,141,129,141,130,139,141,122,125,134,142,146,133,138,138,132,123,130,137,132,144,135,141,134,123,119,147,131,141,137,133,137,135,124,140,123,126,129,132,141,164,138,142,139,146,139,149,130,149,154,146,144
109,126,136,129,130,125,135,138,110,115,139,132,142,146,132,139,140,129,137,140,141,153,171,142,137,127,128,135,131,137,138,136,138,132,139,128,132,132,135,136,139,135,140,126,131,127,135,131,139,142,134,130,127,120,140,139,133,129,130,133,140,132,135,121,130,134,139,140,170,139,144,140,147,142,153,130,153,152,147,145
101,130,139,129,126,122,130,133,111,110,132,140,142,141,140,142,138,135,140,145,132,167,161,142,139,132,137,139,136,137,141,131,132,134,145,130,134,130,140,139,142,142,132,117,126,119,133,130,141,143,141,138,123,113,140,133,136,131,124,134,137,128,138,116,135,131,138,140,167,143,145,141,142,146,155,131,152,156,143,144
105,124,142,130,131,129,132,139,100,112,133,132,140,145,135,137,133,137,130,148,136,180,155,135,135,125,139,131,141,141,130,140,133,139,137,130,136,128,144,125,134,140,139,125,123,126,139,135,144,138,142,132,119,117,147,131,141,130,133,136,132,125,137,122,127,131,136,142,166,138,142,142,144,143,154,129,148,160,142,143
102,125,138,136,132,122,136,135,99,107,136,125,136,146,132,145,141,132,135,162,142,180,160,139,132,125,130,130,133,139,137,137,135,133,134,124,131,133,143,126,136,131,140,120,130,118,137,135,140,138,140,136,126,121,142,138,135,127,129,129,132,129,133,116,132,134,141,140,170,145,141,142,145,141,150,131,148,159,151,143
94,131,136,129,127,126,134,137,97,95,133,125,139,139,141,137,143,132,138,175,135,175,153,141,139,130,132,137,133,132,140,130,136,138,141,131,136,137,141,126,140,141,132,125,129,114,132,133,139,149,148,137,122,118,139,125,136,131,124,126,134,122,133,117,132,137,137,143,168,141,145,144,139,143,155,125,150,162,142,147
98,126,140,126,132,129,126,141,95,98,130,118,134,141,134,135,132,138,135,177,135,178,141,134,137,128,136,134,139,141,133,139,126,139,145,133,132,123,145,128,135,140,137,118,125,111,138,131,143,142,150,131,122,119,143,131,141,127,129,134,124,124,136,121,125,130,137,141,167,136,143,141,144,144,155,129,150,163,146,139
90,123,138,134,132,125,135,135,93,92,140,108,144,141,134,138,135,137,132,168,142,170,151,131,130,123,133,133,136,141,134,140,134,136,135,124,127,136,146,123,135,131,139,125,127,118,135,136,139,140,139,139,124,120,143,134,138,124,129,126,130,127,129,115,133,134,143,142,167,140,145,139,144,140,149,135,146,162,150,144
93,128,137,133,130,122,133,136,95,88,136,106,143,144,139,130,142,128,138,170,146,161,149,140,139,128,129,145,133,133,139,132,136,134,143,130,133,131,141,128,143,137,129,126,136,118,138,137,133,144,139,127,121,120,138,128,135,128,129,129,127,127,124,119,132,134,138,142,169,145,143,142,145,141,153,129,153,166,144,147
95,130,142,126,129,127,130,140,92,92,136,103,135,140,137,126,134,137,138,165,147,160,141,135,139,130,134,157,141,139,135,134,134,143,143,132,134,127,143,129,138,134,135,120,124,114,142,128,136,144,134,123,125,127,141,130,140,119,135,128,125,120,130,122,124,134,137,143,166,141,146,139,141,146,154,129,152,172,144,142
90,126,138,134,134,126,131,136,99,92,137,97,139,145,135,126,138,137,132,152,166,158,144,130,133,121,137,164,140,142,129,142,130,138,141,125,125,132,145,126,134,127,139,119,124,118,143,133,135,135,133,131,126,124,138,135,141,126,133,122,131,129,125,114,131,137,136,141,168,140,145,137,143,141,151,133,146,169,149,143
88,124,137,137,133,121,138,135,98,86,134,92,132,143,138,125,140,129,139,152,178,148,149,137,140,127,127,187,130,131,138,134,134,135,141,125,127,134,138,127,141,128,141,127,134,121,145,134,127,143,131,123,119,118,134,126,133,126,126,128,126,128,122,123,135,138,137,142,171,140,142,141,147,141,154,129,154,175,145,143
94,127,143,130,129,125,131,126,93,91,133,94,127,141,138,117,137,135,147,155,170,148,140,136,141,129,133,191,139,138,138,131,136,139,141,132,126,127,144,129,141,131,131,122,129,112,134,130,131,144,130,121,127,130,131,133,138,120,133,127,125,123,127,128,126,130,138,143,164,145,144,145,145,143,154,131,155,175,148,146
94,128,141,130,133,129,128,129,96,89,127,90,126,147,138,112,131,138,149,144,170,149,136,127,135,123,136,186,141,142,130,140,128,138,139,131,118,133,148,124,133,131,139,124,119,120,137,137,129,136,131,121,127,128,135,134,142,127,136,119,129,128,122,122,134,136,135,141,160,141,145,143,143,140,153,132,146,179,153,141
93,124,138,131,133,126,126,120,95,89,130,92,122,149,135,117,139,134,166,144,172,140,148,132,134,123,128,183,136,138,133,133,135,133,139,127,117,137,144,126,138,128,138,126,128,121,140,141,120,141,134,124,122,124,126,127,132,129,130,127,124,129,119,120,129,135,141,142,152,140,137,139,146,139,152,132,148,180,156,144
96,128,140,133,128,123,119,120,99,93,127,96,108,142,140,106,141,134,175,148,161,140,143,135,141,130,129,178,137,134,141,130,139,138,143,132,116,130,141,128,142,131,136,127,128,115,132,131,127,144,125,115,131,128,127,137,135,119,134,127,126,125,124,128,129,132,139,145,144,141,143,142,142,140,157,128,150,186,156,147
94,128,140,130,135,122,111,117,111,91,114,92,104,144,135,102,136,142,170,143,153,148,137,128,137,128,137,165,141,140,130,139,126,142,141,136,116,135,145,124,134,133,139,127,119,118,139,134,120,144,127,121,133,133,131,132,140,129,140,119,131,129,119,127,130,134,136,148,136,144,146,144,145,141,154,129,150,185,156,140
97,126,138,133,129,115,111,112,126,92,121,99,109,149,135,104,151,136,160,137,157,142,144,128,134,119,131,158,135,140,134,139,133,133,136,126,117,139,142,122,136,129,139,127,126,121,137,139,118,136,134,120,124,126,122,122,134,126,135,126,124,131,122,122,135,135,142,154,135,147,141,142,148,139,151,134,146,185,159,145
99,131,139,133,123,112,111,103,125,95,111,99,102,142,141,101,166,139,162,144,152,134,142,135,140,130,128,155,132,134,140,131,137,137,136,135,121,139,139,131,140,130,133,129,125,119,132,131,123,141,129,121,123,128,127,129,136,122,136,124,128,127,126,129,125,134,144,157,135,152,145,144,146,141,155,129,152,186,154,145
102,126,142,125,119,110,107,103,137,93,111,92,94,145,138,100,170,152,157,141,142,145,134,134,140,132,133,152,140,140,130,138,132,140,143,138,125,142,144,127,139,136,137,122,118,120,136,133,121,138,129,120,134,131,127,127,142,128,141,120,130,123,118,131,132,135,146,160,131,150,144,145,144,145,154,128,151,184,153,147
119,122,141,135,124,106,101,102,137,101,103,105,99,147,136,95,178,163,145,135,145,143,141,127,132,122,131,142,140,141,129,150,134,138,136,135,118,146,144,126,137,122,137,130,125,122,139,138,123,132,129,117,132,127,115,124,139,129,136,124,123,131,121,121,131,135,156,166,131,142,140,135,146,138,152,134,149,182,157,139
130,126,137,128,120,99,98,99,137,109,111,115,96,146,137,104,181,167,148,140,148,132,142,132,141,127,123,145,132,131,137,155,135,133,136,130,120,144,136,133,139,128,134,130,125,124,136,136,124,142,122,127,123,128,128,128,135,127,133,122,132,126,123,130,130,133,157,168,132,151,142,142,148,140,150,131,149,182,154,148
136,118,144,118,110,100,96,97,135,122,101,121,89,143,140,102,176,178,147,141,137,138,135,133,140,132,131,146,140,138,134,166,136,140,144,137,128,135,130,133,141,136,136,122,128,118,133,129,122,134,130,124,134,133,126,129,139,132,138,122,129,123,121,132,133,134,158,167,130,150,145,143,144,143,157,132,155,181,153,152
141,111,141,116,113,99,94,96,135,128,101,134,98,147,133,103,161,180,137,135,142,143,139,126,131,122,133,136,141,140,128,177,132,135,138,133,120,141,133,125,135,130,140,126,122,120,138,136,125,128,130,122,135,134,119,129,133,125,141,127,121,131,125,131,131,136,164,170,126,145,142,138,147,140,150,135,145,183,166,154
147,108,134,114,108,88,96,96,135,142,105,148,96,149,131,104,165,167,142,138,145,131,142,131,138,126,127,137,135,135,135,174,135,133,136,125,118,143,129,129,141,129,139,129,127,127,138,141,126,131,124,128,126,130,127,129,133,125,133,121,127,132,125,129,128,132,165,167,130,146,145,136,149,139,153,133,153,178,173,163
150,106,141,108,100,92,94,101,130,140,104,145,100,143,140,104,156,166,142,141,139,136,138,135,143,129,125,144,138,134,137,160,136,139,140,140,126,139,126,130,143,132,135,124,125,117,127,130,122,129,131,132,132,132,126,130,134,130,138,125,127,125,116,132,135,139,163,170,127,148,146,144,144,140,155,129,153,180,173,171
141,103,140,103,102,90,95,99,132,140,96,146,100,149,136,113,145,165,136,135,138,141,132,127,141,125,137,134,141,139,129,166,131,142,140,136,126,135,131,131,137,135,139,127,118,123,135,137,126,128,131,124,134,135,117,129,123,129,139,129,125,127,129,130,134,145,171,170,128,147,144,142,146,142,152,133,153,180,183,174
142,89,142,108,101,88,97,96,134,144,105,149,106,147,137,124,146,156,137,131,143,139,141,126,145,120,129,136,135,138,131,158,137,135,137,129,120,137,126,129,137,123,138,129,126,127,129,134,125,133,124,130,132,127,127,129,131,127,136,121,131,131,127,126,127,147,169,164,129,158,141,143,146,137,148,137,151,174,184,179
145,95,141,103,92,94,92,100,130,142,111,141,110,149,138,136,151,148,142,141,141,132,139,133,162,131,128,138,134,131,139,146,136,137,141,136,128,139,123,133,143,135,134,127,133,127,121,131,124,128,131,134,129,134,124,134,131,133,137,126,129,129,121,134,136,154,166,170,130,166,144,143,145,141,156,129,159,179,187,182
141,88,140,94,97,91,101,102,138,134,103,139,128,147,136,143,138,152,138,138,137,138,132,129,174,128,132,136,143,140,133,150,133,143,139,133,127,133,132,131,139,138,136,128,119,123,123,130,124,129,132,128,137,135,127,132,126,133,139,125,124,127,127,135,129,159,172,168,131,162,145,140,143,140,154,131,156,178,185,180
140,88,141,96,95,91,102,97,133,136,128,144,135,149,131,149,141,146,133,132,143,141,139,124,175,120,135,131,144,139,130,150,138,138,132,131,117,141,131,126,136,132,136,128,128,125,132,142,129,132,127,128,137,134,133,124,133,127,138,121,128,131,122,129,133,157,168,164,130,169,141,139,149,137,148,134,153,172,185,181
147,90,133,92,91,94,98,108,133,138,137,140,143,148,133,153,144,139,137,137,143,131,139,132,182,128,124,138,145,134,136,139,139,134,132,131,126,139,126,133,145,135,135,128,129,129,124,135,129,128,130,137,128,129,131,131,130,133,133,122,137,129,116,136,134,161,165,169,134,174,140,142,154,140,155,133,157,174,184,188
140,87,140,87,95,95,107,119,134,131,141,133,150,147,135,151,140,146,141,142,134,138,133,132,182,130,131,138,164,137,134,137,135,138,139,135,128,126,130,133,137,137,135,126,123,123,121,131,126,128,136,130,135,139,128,135,125,136,139,131,130,124,125,139,132,162,170,166,126,179,142,143,152,142,155,131,156,179,185,183
144,90,138,92,97,98,120,131,138,134,139,140,150,154,135,146,136,145,131,129,141,141,134,125,168,122,135,130,181,142,128,142,135,142,132,133,122,133,134,123,136,130,138,127,121,128,131,135,131,131,132,130,136,138,135,125,131,130,144,127,125,133,128,133,133,158,167,166,129,171,147,139,157,139,152,134,149,172,188,182
146,91,132,90,92,110,126,137,136,141,147,139,145,150,124,148,143,138,137,135,142,131,139,129,166,125,125,138,184,146,134,140,138,133,131,129,128,129,129,130,141,136,137,131,131,130,132,140,132,125,131,138,129,132,131,130,127,132,136,121,137,138,122,136,134,162,164,169,130,181,143,138,159,140,152,136,151,162,186,183
145,88,140,88,104,120,140,147,132,134,140,140,140,146,124,142,140,140,139,143,135,134,135,133,165,130,130,139,198,155,137,131,137,140,137,140,131,119,133,130,140,134,136,127,129,125,125,129,126,128,136,136,134,141,128,136,128,137,138,131,130,133,128,141,135,163,168,165,127,185,144,140,153,141,156,130,153,154,187,183
139,94,136,94,103,122,146,146,138,138,132,138,149,149,117,144,134,143,131,134,139,140,128,126,156,125,137,133,203,171,127,142,134,139,137,137,128,118,135,131,130,133,140,129,124,126,133,135,130,135,133,128,137,143,135,133,134,133,140,132,123,134,131,139,132,160,164,164,126,183,142,143,154,141,152,137,155,145,188,180
146,92,135,92,97,134,146,142,134,144,139,141,140,146,109,146,141,138,132,136,141,135,140,127,149,123,131,132,195,177,131,141,138,137,131,133,122,124,131,129,139,130,141,131,130,129,132,139,134,128,129,135,132,138,135,134,127,129,138,123,133,138,122,133,138,163,165,162,127,192,139,140,157,134,148,134,161,132,188,183
146,86,139,90,116,134,142,148,134,136,140,136,139,145,106,145,141,138,138,139,137,133,139,132,152,129,128,140,187,172,138,131,139,139,132,136,132,121,127,134,142,137,132,128,128,126,124,129,128,131,136,138,132,137,128,142,126,137,136,129,135,132,130,142,138,164,166,149,131,192,139,143,152,140,153,133,173,128,185,184
142,95,137,93,125,132,144,143,137,136,129,137,148,149,105,144,133,142,137,138,134,139,131,131,150,126,133,134,185,183,129,138,132,143,136,138,129,115,127,131,137,137,138,130,121,132,134,132,132,124,136,133,138,142,135,138,131,138,143,135,129,130,135,139,133,158,164,145,128,186,146,141,158,142,155,134,179,127,185,181
146,93,135,89,126,136,144,140,136,142,137,145,139,149,100,145,136,139,129,130,139,138,137,123,140,120,132,131,175,179,128,139,140,137,126,128,122,125,131,127,139,129,141,133,132,132,131,140,133,126,130,132,135,138,137,133,126,131,142,124,132,139,125,133,138,162,154,142,128,186,142,139,168,138,155,137,180,127,188,184
145,98,127,93,141,134,136,145,136,135,137,140,137,147,99,144,141,136,138,138,142,130,137,133,149,130,123,137,163,163,135,132,139,135,128,133,131,125,132,135,139,133,133,128,131,133,126,135,131,129,134,139,133,137,133,141,126,139,137,132,137,135,126,138,135,160,151,134,133,190,142,143,167,139,161,131,183,128,183,184
150,111,127,98,139,131,142,144,135,134,134,134,144,147,96,142,136,140,137,140,131,135,131,129,149,131,134,137,162,166,133,132,136,142,137,141,132,116,133,133,141,139,144,123,123,122,133,132,130,121,138,138,135,139,133,142,123,138,143,132,132,134,130,142,137,159,141,136,125,188,146,146,172,145,170,132,185,127,187,182
145,124,126,108,143,133,141,141,138,139,135,147,145,154,94,142,133,141,129,130,141,137,134,124,137,121,132,128,162,167,126,139,135,140,127,136,121,126,137,125,134,133,146,133,130,129,132,138,135,127,134,133,136,142,138,138,116,132,146,131,133,134,129,135,133,160,137,137,130,184,141,143,182,139,176,135,181,129,189,181
148,128,117,120,137,135,136,140,141,142,143,142,140,149,99,146,140,130,133,137,140,128,139,131,144,126,127,135,147,154,133,136,139,137,129,129,131,125,130,131,141,135,139,132,133,131,130,138,134,132,133,138,131,136,138,140,120,135,135,126,136,137,124,139,134,164,136,132,130,188,141,142,184,142,185,135,183,123,188,185
146,141,117,133,138,135,141,146,132,139,135,138,142,143,98,143,136,139,136,139,133,133,133,134,148,131,131,136,150,150,136,128,137,136,134,139,132,118,131,135,139,137,142,125,121,128,132,136,129,132,135,138,140,142,131,140,127,138,142,133,135,130,133,142,133,160,134,136,129,188,144,146,185,145,196,128,184,126,183,180
142,135,109,134,139,131,140,142,140,143,135,139,144,148,98,143,132,141,130,131,135,137,131,124,138,125,136,130,153,156,126,139,135,141,132,141,128,124,138,130,137,136,142,134,136,129,134,138,134,127,136,131,138,143,138,135,121,135,141,135,134,139,132,136,132,158,136,136,128,180,146,141,190,145,199,138,181,127,184,179
153,137,105,138,132,133,144,135,141,143,138,145,141,149,100,146,139,136,133,133,140,132,140,130,140,123,128,133,142,149,133,139,136,130,123,131,128,125,133,130,140,134,139,136,127,131,130,139,138,132,133,137,133,140,141,137,118,132,140,126,139,139,130,137,134,151,131,129,129,189,141,139,193,139,202,135,180,125,184,168
148,137,100,138,139,129,136,145,135,146,141,143,146,145,103,145,140,136,136,136,135,129,135,133,143,131,127,136,143,140,135,131,139,137,132,135,131,123,133,135,140,139,136,127,125,129,129,136,134,136,137,141,140,140,131,142,128,138,139,135,141,135,134,141,135,141,136,133,128,184,143,143,193,144,209,132,182,127,180,156
142,132,105,137,134,127,146,140,143,138,134,142,147,154,96,145,128,141,133,136,132,138,130,127,142,127,133,133,148,149,126,133,132,139,135,139,132,118,136,130,135,137,133,129,129,126,131,136,137,128,141,135,140,146,136,137,126,136,142,142,131,135,134,141,133,140,132,130,126,182,144,145,192,144,206,136,180,130,186,143
148,131,97,135,132,137,142,140,139,143,140,147,143,151,106,148,138,136,130,127,142,135,135,125,136,120,133,129,144,148,127,141,140,134,131,133,126,127,135,128,132,134,136,133,129,132,134,137,139,131,131,135,136,140,139,135,119,133,139,136,138,138,130,136,137,133,129,132,129,180,138,149,201,141,204,136,180,121,182,136
146,128,91,138,137,137,136,142,137,140,139,145,142,145,109,147,138,131,138,136,138,129,138,132,142,129,125,136,137,139,132,128,142,138,133,136,136,120,133,133,142,141,127,135,124,131,127,133,136,135,137,141,132,137,135,140,125,141,136,136,142,137,131,142,135,131,132,133,128,187,137,156,192,141,206,134,184,130,178,134
146,133,95,133,134,133,142,145,141,141,139,140,149,147,115,142,134,140,135,135,133,136,130,133,142,128,131,133,145,145,128,137,139,141,134,139,135,120,137,134,139,136,139,126,128,123,133,131,131,133,139,140,139,141,136,141,129,141,142,139,136,134,136,143,136,134,131,130,128,181,145,160,192,145,208,136,185,129,174,127
148,133,97,129,133,131,142,141,139,140,135,146,143,151,129,145,132,138,124,130,137,138,133,124,135,120,131,128,143,147,125,139,135,140,128,138,129,126,141,129,133,134,135,136,130,131,138,137,142,130,132,132,139,142,140,132,119,136,141,142,137,140,132,137,138,130,129,133,127,180,140,158,191,141,201,140,181,126,168,131
145,126,98,135,135,131,140,143,141,148,143,144,145,147,139,145,138,132,134,134,143,128,136,131,141,125,116,133,134,140,132,136,143,134,132,136,131,126,130,132,139,138,129,133,120,133,132,135,137,135,131,140,135,140,135,141,126,140,135,136,142,138,126,142,137,128,135,132,130,178,140,165,193,143,206,133,180,130,153,131
148,134,101,137,138,130,142,145,135,141,134,138,144,144,147,144,137,137,136,136,131,132,132,133,139,133,126,136,142,139,132,132,140,138,136,136,132,120,133,135,138,141,139,131,136,128,129,128,134,135,138,137,139,144,135,139,129,144,139,141,140,131,134,140,132,128,133,128,128,179,142,170,189,146,206,134,183,126,143,131
145,134,95,135,138,130,144,143,142,144,139,145,145,151,150,146,129,141,128,131,135,136,131,123,136,125,129,126,139,147,124,138,138,139,137,137,131,125,137,129,133,136,136,130,131,132,134,140,138,129,133,131,140,142,139,133,126,137,139,140,132,139,133,137,137,131,130,132,128,176,142,169,189,147,203,137,177,129,139,129
149,127,102,136,137,136,138,141,140,146,142,146,141,146,155,149,135,134,132,130,140,130,137,128,135,125,121,131,131,136,130,136,139,135,127,133,127,127,133,132,134,136,130,134,126,134,134,142,141,135,131,139,134,138,140,139,126,139,136,134,141,142,126,137,135,127,135,133,132,180,138,173,189,150,203,136,183,130,141,127
146,135,99,134,147,137,140,144,136,143,142,143,146,146,148,143,138,136,135,138,135,128,135,132,142,131,125,135,137,133,133,131,140,140,137,140,133,125,134,137,136,134,132,130,131,129,129,133,135,137,136,142,136,140,136,141,130,144,135,142,146,135,133,145,133,127,131,130,128,182,145,173,183,154,207,137,179,129,134,133
143,136,97,134,139,137,142,148,144,137,138,143,147,151,145,146,130,138,130,133,132,134,128,127,137,127,128,129,141,140,126,136,137,144,133,139,133,123,135,133,129,136,131,133,137,128,133,138,137,128,137,135,143,143,140,136,128,141,143,141,138,136,135,140,135,131,129,131,127,170,145,173,188,160,202,136,176,127,140,123
150,132,103,132,137,139,148,138,141,147,146,146,143,147,146,152,136,136,128,131,139,134,135,125,132,122,127,129,136,139,127,139,137,137,129,132,123,128,137,129,130,133,137,134,126,138,139,141,141,135,130,137,137,141,137,135,123,138,139,134,138,141,134,136,137,131,133,132,129,168,140,173,189,159,201,138,175,128,134,131
148,132,105,137,143,133,136,148,137,143,141,142,146,145,150,144,139,130,135,135,139,126,136,133,137,131,118,135,132,132,133,131,140,135,133,138,135,129,131,135,136,139,126,131,131,131,132,137,137,138,137,142,137,141,132,140,129,144,135,141,144,135,133,144,134,125,130,128,129,159,143,176,185,168,205,132,179,129,133,130
144,136,115,132,141,136,142,143,144,139,138,141,146,145,148,146,131,140,132,135,132,134,127,130,140,132,127,133,140,140,130,135,137,143,135,141,133,120,135,137,129,142,133,130,134,128,132,133,134,133,140,135,137,149,138,136,130,143,142,140,136,137,138,145,135,128,129,131,124,143,144,178,185,172,206,139,175,136,132,131
148,138,128,134,142,138,143,144,139,142,147,147,145,148,144,150,132,137,125,127,138,136,133,123,131,122,131,126,138,143,125,140,134,138,129,138,131,128,137,127,126,132,132,133,130,134,137,139,141,133,133,136,138,146,142,135,122,134,143,139,140,139,135,137,138,129,134,132,128,135,142,177,187,171,200,138,176,127,135,129
151,130,140,134,142,136,143,141,139,145,143,147,141,146,147,149,136,131,133,134,142,128,137,130,139,130,119,134,132,133,133,128,142,135,133,134,135,131,130,135,135,139,124,133,131,130,130,136,137,137,135,142,136,136,134,141,129,143,135,131,142,133,130,141,137,125,129,129,130,132,142,180,182,170,200,137,176,130,131,131
145,139,148,138,142,134,145,149,135,143,143,142,146,146,146,142,134,138,134,138,129,132,131,132,140,132,128,133,138,136,133,133,139,141,137,143,131,123,137,139,135,143,130,130,136,129,133,131,134,136,138,140,137,143,136,141,130,144,144,148,138,127,137,143,134,127,132,133,126,124,145,178,180,174,204,136,167,131,132,131
144,136,150,134,142,139,147,139,145,142,142,145,149,150,142,147,130,140,126,128,138,137,130,124,131,125,130,127,143,141,124,135,136,139,137,142,130,124,135,131,127,137,131,137,125,131,137,139,140,131,135,133,142,143,140,136,130,140,141,144,133,134,137,139,136,129,130,130,128,125,143,182,184,174,197,142,153,129,137,128
149,133,156,138,143,136,141,145,140,146,147,147,141,145,146,149,137,129,132,134,137,130,135,129,133,125,120,130,130,133,131,135,140,135,128,130,127,131,133,133,136,143,130,134,132,132,133,143,142,136,132,140,132,136,138,138,127,141,139,135,143,136,129,142,140,127,131,132,128,129,141,179,187,176,197,137,147,130,132,131
147,138,152,140,145,136,145,146,142,142,144,149,147,144,141,147,136,137,134,139,131,130,134,132,137,133,123,134,136,132,136,129,141,143,134,145,138,125,135,135,136,139,129,125,134,131,131,132,134,138,140,143,139,140,134,142,130,143,136,141,142,128,136,145,135,125,134,131,129,133,144,182,178,177,197,135,138,131,130,129
148,139,145,137,147,136,146,148,145,143,141,146,151,153,144,145,128,138,131,131,131,135,127,127,134,130,129,127,140,140,125,134,139,144,136,139,130,127,136,133,132,142,136,137,129,128,139,136,140,131,140,136,143,144,140,135,131,144,144,142,136,134,138,143,137,127,130,131,128,124,147,181,175,178,194,138,127,134,136,129
147,132,150,139,140,139,147,140,140,146,147,146,143,146,148,147,132,135,128,129,138,133,135,124,131,124,125,127,132,139,131,138,141,134,130,133,132,134,133,132,130,139,132,136,131,137,134,138,144,134,132,138,140,139,142,138,127,139,140,132,141,134,130,138,138,128,132,132,128,124,139,175,163,177,195,139,126,131,132,131
154,138,151,138,145,133,140,147,138,147,148,141,145,144,147,148,138,130,135,136,137,128,138,130,136,134,123,133,132,130,133,129,141,137,132,137,138,127,131,137,136,142,127,132,131,130,132,132,136,137,139,140,138,140,132,140,133,143,137,139,139,127,137,143,136,126,132,132,130,127,142,183,148,180,193,135,131,131,131,133
144,139,146,138,148,136,148,144,142,139,139,144,152,148,147,142,130,139,132,135,130,134,126,130,138,134,130,130,139,137,131,133,136,143,139,138,132,123,138,134,133,144,135,135,131,127,133,138,137,134,138,138,142,142,138,140,135,144,141,138,136,127,140,144,135,130,131,130,126,125,142,182,142,181,195,144,128,132,128,127
147,136,142,134,146,139,144,144,140,145,150,146,149,146,146,145,133,135,125,129,141,135,132,123,129,123,130,126,137,140,126,138,137,138,132,134,129,129,138,132,130,138,131,136,136,134,135,139,143,133,131,137,137,141,142,133,128,138,140,138,141,136,136,137,138,128,132,130,131,127,142,178,134,179,190,137,123,129,132,133
151,137,148,140,146,137,148,142,142,146,143,147,140,147,147,146,138,130,134,134,138,127,135,132,135,130,120,135,129,129,134,129,141,135,130,139,134,128,129,138,135,141,133,125,139,135,135,139,137,140,138,139,136,140,135,141,136,142,136,135,145,133,137,143,137,125,131,132,129,128,142,180,131,178,188,138,131,128,128,132
149,138,144,137,146,138,144,147,137,143,145,143,149,148,148,144,136,137,134,137,131,131,129,132,136,133,129,133,137,135,135,132,138,139,136,141,136,120,133,138,134,145,140,133,129,130,133,134,134,135,139,141,140,145,135,140,137,144,141,138,137,129,139,145,137,125,133,129,127,127,149,184,127,182,184,137,130,133,128,131
144,140,143,138,143,137,152,139,142,144,140,149,150,150,144,146,128,139,126,128,136,137,131,122,131,125,130,124,138,138,125,136,133,144,128,142,131,132,139,134,130,138,133,136,136,136,139,137,141,133,132,136,142,142,140,137,131,136,141,141,138,139,138,137,139,131,134,132,128,122,149,180,129,181,175,140,128,132,133,131
154,135,155,139,141,140,143,144,140,146,148,148,148,143,153,149,136,130,130,133,140,129,135,130,132,126,121,132,129,131,133,133,142,133,130,137,132,130,131,134,135,144,136,132,135,135,137,139,140,139,135,143,134,138,136,140,134,142,136,133,145,139,133,141,137,126,133,133,128,128,151,179,133,180,171,138,133,127,127,132
149,139,145,141,152,138,146,146,140,143,144,143,144,145,148,143,134,134,135,138,135,131,132,133,139,132,130,134,134,132,136,128,144,139,136,138,137,125,136,135,136,143,138,129,124,130,132,132,135,140,139,143,139,140,134,141,138,145,139,146,141,130,139,146,136,125,131,130,126,132,156,184,129,182,161,140,133,134,129,134
143,141,144,136,145,138,144,143,146,142,139,145,146,148,141,145,126,141,129,131,134,136,128,126,131,129,132,127,136,137,125,137,135,141,137,143,131,127,136,133,133,140,142,138,137,137,136,141,138,129,136,138,142,144,140,135,132,139,145,143,136,132,141,140,140,126,133,131,127,126,162,177,128,181,148,140,127,133,128,127
155,135,149,138,143,140,143,140,140,146,145,147,145,148,154,149,133,132,128,131,138,132,135,126,129,125,128,130,131,136,132,135,141,135,126,137,133,132,134,132,135,137,142,137,132,136,138,139,143,139,133,139,138,139,138,139,130,138,136,133,143,139,135,139,139,126,133,132,129,123,162,173,132,178,143,141,135,130,128,135
150,143,145,142,149,142,142,145,137,148,145,145,144,143,148,147,135,133,134,137,134,128,136,131,136,132,125,135,131,129,135,124,147,138,135,139,140,127,135,135,136,146,143,135,133,137,133,137,138,138,140,142,134,141,131,142,139,144,137,138,146,133,140,149,134,127,133,130,130,131,166,180,124,178,141,137,131,133,127,133
142,139,148,138,145,136,151,143,145,140,141,143,146,146,142,144,125,138,132,134,127,134,126,129,135,133,132,131,138,135,130,134,137,142,135,140,136,123,135,133,132,136,141,136,131,132,136,133,136,135,139,137,142,146,137,140,136,147,144,144,136,134,139,143,136,127,135,133,129,125,174,176,128,180,137,138,129,133,126,133
148,134,148,133,148,143,145,145,140,152,145,146,146,147,145,144,133,135,125,127,137,135,136,124,127,125,130,128,131,137,127,136,138,138,127,135,133,130,134,130,131,132,145,137,136,140,138,139,143,135,134,139,140,144,140,136,130,138,141,134,142,135,137,137,141,130,133,131,128,126,171,173,129,176,137,142,126,127,131,132
148,141,153,139,145,140,146,142,140,146,149,148,145,147,149,145,137,130,133,134,136,126,136,131,133,131,123,133,126,125,134,130,145,133,135,135,136,131,133,138,136,144,134,128,130,136,135,138,140,143,139,144,136,136,131,143,136,145,137,134,147,133,137,148,139,127,132,132,133,130,172,177,128,177,136,140,126,132,124,131
147,139,149,139,150,141,143,149,140,143,139,141,146,144,146,142,130,137,134,136,130,133,128,133,136,136,130,134,135,135,132,132,139,139,136,144,137,126,138,138,133,139,143,136,134,128,133,131,136,136,142,140,144,146,136,142,137,146,142,140,142,133,139,146,136,126,131,131,127,128,179,173,126,178,139,140,128,132,129,132
150,142,146,136,145,136,145,143,144,145,148,148,149,149,149,144,130,139,125,127,136,135,132,122,125,124,132,126,134,137,124,139,135,137,132,135,134,130,136,131,129,136,144,138,136,135,140,139,143,133,139,134,141,145,136,135,130,137,142,138,142,138,140,140,141,130,134,130,130,128,176,160,128,174,131,148,122,133,124,129
150,135,158,138,143,140,139,144,141,150,145,148,146,142,150,149,137,130,134,133,140,125,136,131,133,130,123,134,125,129,134,135,141,132,133,135,134,131,132,134,137,142,139,131,130,134,138,141,141,140,135,144,133,139,136,141,135,143,136,134,146,137,134,144,139,127,133,132,131,130,179,151,131,169,133,140,125,130,128,133
146,144,152,139,150,140,148,145,141,141,144,142,147,147,152,144,132,135,134,140,130,131,132,135,135,133,130,135,132,132,133,131,140,138,130,140,139,126,140,139,139,140,144,134,137,129,132,135,136,137,141,143,143,146,133,144,139,148,139,142,142,131,139,149,137,126,127,132,130,129,176,146,125,170,135,140,128,132,125,128
148,140,148,138,148,141,147,145,145,146,140,148,151,151,149,144,128,139,129,131,136,133,128,123,130,129,135,126,134,137,123,138,139,141,136,146,135,127,138,133,131,142,147,139,138,133,141,139,141,134,138,140,144,147,140,135,133,144,143,141,138,139,142,141,139,129,134,127,129,123,181,132,128,165,130,144,122,132,130,132
149,136,151,136,140,139,148,142,145,149,148,146,142,142,148,151,132,132,129,135,137,131,137,126,129,124,128,130,128,132,132,137,142,137,128,133,133,131,136,133,137,135,143,133,131,141,139,139,141,137,133,141,138,138,137,135,134,141,142,133,145,137,134,142,141,128,132,129,132,129,180,130,130,159,130,145,129,127,124,132
152,143,156,142,149,144,141,149,138,144,142,143,144,143,151,142,134,133,135,135,133,126,134,133,136,131,125,137,131,129,135,128,146,138,134,139,139,126,131,137,138,145,140,132,142,135,133,136,137,138,141,147,140,140,130,141,141,147,141,145,144,134,140,146,136,125,129,131,127,133,181,127,125,152,133,140,128,133,128,135
147,142,149,135,147,136,150,147,149,145,142,148,151,147,144,141,124,139,131,134,131,135,127,129,133,133,133,129,137,134,126,134,137,140,141,142,136,126,141,134,134,139,144,140,135,134,137,138,142,133,141,137,143,145,138,138,139,145,145,141,135,134,142,145,139,128,136,126,131,123,185,129,125,143,130,143,122,132,125,129
147,140,147,134,150,141,144,141,141,148,147,150,143,145,151,147,132,134,126,128,138,135,131,125,128,122,131,128,129,134,129,137,141,141,129,135,129,132,139,128,135,135,144,136,133,137,137,139,142,135,134,139,139,146,139,137,135,137,143,139,144,139,137,143,140,131,132,133,129,132,182,126,129,135,129,144,128,129,132,135
150,139,157,142,143,139,138,144,142,147,147,147,142,145,150,144,134,131,134,134,135,124,135,132,134,133,124,135,128,126,134,129,144,133,135,136,141,133,134,137,135,147,141,132,139,136,138,137,139,141,140,146,136,138,134,142,142,147,137,136,146,136,137,147,138,130,127,130,131,131,181,127,126,134,132,140,125,133,123,135
149,142,149,138,148,139,145,147,139,142,143,143,150,146,147,142,128,139,136,138,129,131,124,134,136,132,134,132,133,133,132,132,139,145,137,143,139,125,138,136,133,144,144,139,138,134,137,131,138,134,142,141,139,144,136,144,141,146,143,143,139,136,143,150,139,129,131,130,126,125,182,123,128,134,132,146,128,133,126,127
144,142,146,134,142,138,148,142,146,147,144,146,145,146,148,143,129,139,124,127,136,136,129,124,127,126,133,125,132,135,128,137,136,136,134,139,134,132,140,132,132,138,149,137,135,136,138,141,142,135,136,139,137,144,140,136,133,141,143,144,141,136,139,144,138,128,131,132,129,130,179,123,128,130,128,145,123,133,129,135
155,138,157,138,147,143,144,144,138,146,145,148,144,143,149,147,135,132,133,133,137,126,135,131,132,130,126,132,124,128,135,132,141,134,129,135,139,135,135,139,137,143,140,130,136,142,138,140,141,140,139,145,135,138,132,144,141,144,137,132,143,135,138,147,141,130,130,131,130,131,177,126,129,130,129,146,126,135,124,134
148,145,154,136,146,138,146,145,136,144,146,146,148,142,150,147,132,135,133,135,129,129,131,136,136,134,132,133,133,132,136,132,139,139,138,144,138,125,135,137,137,147,141,136,139,130,133,135,134,139,143,146,142,146,133,141,142,147,142,141,142,132,144,148,138,129,131,131,129,129,179,128,123,132,133,143,131,132,128,130
143,139,144,135,146,139,150,147,146,143,141,147,144,149,150,140,128,140,127,129,132,136,128,125,129,127,135,124,134,135,125,137,139,139,137,143,133,130,137,135,131,141,141,141,132,135,139,141,142,134,137,137,145,146,145,138,135,141,146,142,140,139,145,143,140,129,132,131,126,127,177,123,124,129,124,146,123,131,128,132
154,139,150,135,147,140,142,140,141,150,147,149,146,144,152,147,134,128,129,129,139,128,134,130,129,128,130,131,126,133,132,137,140,139,125,132,136,134,135,135,136,140,139,134,139,137,141,141,141,140,136,144,131,139,137,142,138,141,138,136,145,141,138,144,141,129,129,127,132,132,175,124,132,127,128,142,124,130,128,131
148,144,154,138,142,142,142,150,138,144,142,141,148,143,146,144,136,134,134,135,132,128,136,134,134,134,129,133,131,128,137,128,141,137,136,145,140,128,136,139,138,144,140,133,143,136,133,134,138,141,143,145,143,145,133,145,143,149,138,141,145,135,141,148,139,124,131,130,130,135,178,129,124,131,129,145,133,133,122,132
144,145,146,135,149,134,145,145,146,144,141,148,148,146,145,142,124,139,130,131,130,135,126,130,134,130,131,128,138,135,127,136,137,141,135,143,138,128,141,136,131,137,140,143,133,132,137,138,141,134,141,141,141,149,138,138,137,144,146,141,139,137,146,144,142,129,130,130,127,129,177,129,127,126,128,146,126,136,130,128
151,137,153,132,143,144,146,143,139,148,144,150,148,146,152,146,131,135,129,130,138,133,132,125,127,124,132,128,128,135,130,137,138,135,130,136,134,133,136,130,133,139,139,137,135,142,142,142,144,138,134,142,136,142,142,139,136,139,139,139,144,138,138,141,143,128,133,128,131,126,173,125,128,126,127,144,126,128,127,136
150,142,152,139,150,140,144,144,137,148,146,146,143,146,146,147,136,131,133,134,135,125,133,135,134,133,126,135,128,125,137,129,145,137,138,145,142,131,133,136,139,143,141,133,141,133,136,141,140,140,142,147,138,140,130,144,141,147,137,134,145,132,140,148,140,125,129,129,131,131,179,124,127,131,126,140,129,133,127,133
146,143,148,136,145,139,144,149,144,141,140,145,149,146,144,144,127,137,134,137,129,134,125,132,136,134,134,132,134,134,132,134,137,140,139,143,141,123,135,138,134,142,138,138,136,135,131,134,137,137,142,142,142,142,142,141,141,144,144,144,136,139,144,148,140,132,131,132,130,131,175,125,126,131,129,144,124,134,127,132
145,141,149,138,145,140,150,141,142,147,148,152,149,145,150,145,131,138,128,126,136,136,129,125,127,127,136,127,130,135,131,139,139,137,131,141,132,128,138,131,133,140,141,141,134,137,142,138,145,134,136,141,138,147,141,138,132,139,141,139,143,140,141,142,141,129,133,127,128,131,178,124,130,124,123,146,129,132,132,134
147,139,154,136,143,140,139,147,137,148,145,150,141,140,147,145,134,129,133,136,137,126,133,132,130,131,125,133,127,126,137,132,144,134,134,134,139,132,134,140,137,139,134,137,143,140,138,142,144,141,141,144,137,137,134,145,141,146,138,132,149,138,141,147,139,128,127,130,131,127,173,125,130,129,128,140,127,137,124,135
148,144,154,140,152,140,146,146,140,141,145,145,150,141,147,145,131,136,135,136,128,132,127,134,135,136,131,135,132,131,136,132,142,137,137,141,144,122,140,140,135,146,144,137,137,130,133,133,137,140,141,146,139,149,137,143,141,148,145,139,142,134,144,151,137,131,132,129,129,131,177,128,122,129,128,145,126,141,128,136
146,146,152,137,147,142,147,145,144,145,141,145,150,149,148,142,126,137,127,128,133,135,126,129,128,127,135,124,133,136,127,136,136,140,136,140,135,132,139,133,128,140,140,142,134,137,143,137,145,134,138,139,142,143,143,136,135,140,144,141,140,139,145,145,140,130,132,130,129,128,179,120,130,128,123,146,125,141,127,134
152,139,150,138,141,142,141,140,143,145,147,145,143,140,149,148,136,131,129,133,137,129,133,129,128,130,127,133,124,129,135,135,142,134,128,137,138,130,134,136,134,142,138,138,139,139,136,141,144,141,137,142,138,140,139,139,140,140,138,133,148,141,137,146,138,126,130,131,131,133,179,127,127,126,125,147,126,143,130,140
146,140,150,141,148,140,143,149,136,148,143,142,143,143,150,146,134,135,134,134,131,129,133,133,133,132,131,134,132,127,138,128,143,138,138,142,145,123,134,141,140,141,140,133,137,138,131,138,136,143,143,146,138,144,136,142,143,147,140,139,148,133,146,148,138,127,130,130,128,130,177,125,125,131,128,143,128,146,127,133
145,143,147,139,145,137,145,140,148,138,140,146,146,141,149,142,126,137,129,131,129,133,124,130,130,130,136,129,134,135,128,134,134,142,139,145,136,128,142,134,132,141,141,144,135,139,142,137,141,135,142,137,143,150,139,138,140,144,144,141,136,139,145,144,139,131,131,129,126,127,173,122,127,129,122,147,125,145,130,132
150,139,151,137,147,144,144,146,140,151,145,150,147,144,152,147,134,134,128,126,133,133,132,128,127,126,131,129,128,132,133,136,141,136,131,135,133,134,134,137,138,143,142,141,138,140,142,142,147,138,138,140,132,143,137,138,139,142,139,139,147,141,140,144,142,128,128,131,129,131,164,123,129,127,124,147,124,137,129,138
148,143,152,141,144,142,139,146,140,143,147,147,145,143,152,144,134,130,134,135,133,125,134,133,133,131,129,135,129,127,135,128,143,139,134,138,145,129,132,139,140,144,138,134,137,139,136,137,139,144,143,143,138,139,132,145,144,148,139,136,151,140,146,149,137,129,132,132,130,132,166,127,126,129,125,147,133,139,125,134
142,144,151,140,148,137,143,141,144,142,138,145,145,140,146,144,125,138,133,135,127,134,126,133,133,134,133,133,133,134,131,133,137,140,135,146,138,125,137,135,135,142,144,135,137,133,138,136,139,138,143,140,144,144,142,139,145,147,142,141,144,137,148,145,143,128,132,129,127,126,173,128,126,131,125,148,125,140,133,136
148,142,145,135,144,139,144,139,140,145,145,149,144,144,146,146,130,135,124,124,131,135,131,126,125,125,135,129,132,133,131,139,138,142,132,133,136,132,137,132,134,137,140,139,134,140,144,142,146,138,137,141,139,147,140,139,138,139,143,140,144,144,144,143,141,129,130,131,131,132,165,124,128,126,120,147,129,136,130,136
148,139,152,140,144,141,144,149,141,147,143,144,144,142,146,143,136,131,134,132,134,125,138,134,133,132,129,139,125,125,136,131,143,131,134,140,140,133,132,135,140,145,135,138,138,141,140,139,143,144,144,145,131,140,135,141,143,145,138,134,147,139,143,148,140,129,128,129,131,131,169,129,125,128,124,143,128,141,129,140
145,143,156,140,147,142,142,143,139,141,141,143,148,138,150,139,129,138,132,136,124,130,129,137,134,135,132,136,134,130,134,132,142,140,137,145,141,130,136,137,138,141,142,142,139,132,137,138,140,142,145,142,143,146,140,141,145,146,144,142,142,138,148,152,141,130,132,128,128,131,170,127,127,128,126,145,125,142,125,134
143,142,148,139,148,140,146,146,145,143,140,147,143,142,145,140,127,139,127,127,133,133,128,128,127,127,139,130,134,133,130,137,140,140,133,140,139,132,137,133,132,141,141,138,138,139,144,140,145,136,137,137,145,145,145,136,136,142,146,140,144,143,145,143,143,132,130,129,134,126,165,124,127,127,121,146,129,140,133,141
151,142,152,141,142,142,143,139,141,145,145,145,140,141,147,143,135,131,129,132,133,124,134,133,128,129,129,136,125,127,136,135,143,137,125,138,140,133,130,131,139,144,139,137,141,141,142,141,144,144,137,142,134,137,137,144,140,142,137,130,147,137,144,149,142,129,129,124,134,130,165,127,128,125,123,141,127,140,124,138
148,143,152,142,149,141,138,148,140,141,144,146,148,138,146,143,135,134,136,136,128,124,130,135,131,135,131,138,131,127,138,130,142,136,136,140,147,130,137,137,139,141,141,139,142,136,136,136,138,142,143,144,142,142,137,145,145,146,141,141,147,134,145,151,137,133,133,133,132,132,166,132,123,129,125,145,125,143,126,138
142,145,146,141,145,140,144,142,143,141,138,144,146,144,143,140,128,138,126,128,128,132,124,129,130,130,139,131,133,133,128,137,139,138,136,144,142,127,142,137,135,138,141,141,134,140,140,136,143,135,138,133,143,148,142,137,140,142,146,139,138,139,144,143,140,136,132,131,131,128,160,128,129,127,121,146,126,136,128,137
151,140,149,138,144,144,142,144,141,148,145,147,143,140,148,148,133,134,128,128,134,129,132,127,126,127,138,132,126,132,132,134,139,138,128,134,139,131,133,134,136,139,135,138,139,146,143,139,147,145,139,142,137,140,137,141,137,145,142,135,146,143,140,143,141,130,132,128,130,129,150,125,125,125,120,142,124,138,126,141
146,142,148,142,145,140,139,146,139,143,143,142,143,141,150,142,136,131,133,132,128,123,133,132,133,133,133,139,127,128,135,130,142,140,137,141,140,134,137,142,141,148,143,131,140,137,140,138,141,143,143,142,136,142,135,143,145,145,139,135,145,137,142,149,139,131,135,130,129,134,149,127,124,128,123,141,129,141,128,136
141,143,152,140,150,139,146,146,143,140,138,143,144,141,145,137,128,138,131,131,126,131,124,131,135,135,141,132,132,134,131,135,140,142,138,140,139,128,138,136,132,141,137,134,141,137,138,138,141,138,143,135,140,148,141,141,140,146,146,139,143,140,148,146,141,132,132,131,135,127,148,126,128,129,123,148,128,142,128,140
144,142,148,139,139,142,141,140,139,147,144,149,144,144,150,148,135,134,127,125,134,132,131,124,125,126,140,130,130,132,129,138,138,137,131,132,137,134,134,132,139,138,138,138,137,140,144,140,147,141,139,138,136,141,142,133,140,138,145,136,145,144,140,143,142,129,131,129,132,131,140,127,130,124,120,145,126,137,131,140
151,140,151,140,146,140,138,143,141,146,142,144,142,142,152,143,134,129,131,132,132,122,134,132,133,134,130,136,127,124,136,129,141,135,132,139,140,131,131,136,140,147,132,131,143,136,141,139,144,146,140,142,135,140,132,142,144,149,136,135,147,138,145,147,139,129,134,130,130,132,139,129,125,127,121,143,127,141,129,143
145,143,146,144,149,140,144,144,136,141,141,142,142,141,144,143,130,139,136,134,125,131,130,135,135,135,141,136,135,130,134,131,137,138,139,145,142,126,138,137,135,144,144,135,142,131,137,138,141,140,143,137,139,147,143,138,144,145,145,139,145,135,148,150,140,130,131,129,132,127,142,127,124,127,124,146,131,140,127,137
146,143,147,139,144,142,141,142,144,144,143,151,144,139,145,143,130,137,125,127,132,136,128,127,127,128,142,129,133,134,129,136,136,145,135,142,137,135,135,129,133,141,138,134,133,135,143,142,147,138,135,134,136,148,143,131,138,137,148,138,142,140,145,142,141,130,131,131,131,130,137,124,129,126,119,149,124,137,132,140
158,139,151,139,144,142,141,141,138,147,144,142,144,137,148,146,138,128,134,129,134,126,134,132,129,129,135,138,124,125,136,132,143,132,129,137,140,131,133,134,138,141,134,133,143,138,144,142,144,145,137,141,134,138,142,142,138,145,141,136,151,144,140,149,139,129,133,131,133,130,137,129,126,127,120,143,129,139,126,141
154,143,150,141,147,139,140,145,138,138,141,144,145,138,145,146,133,133,136,133,127,126,131,136,136,136,139,138,132,131,139,129,142,136,138,147,143,128,133,139,136,147,143,132,140,133,135,132,140,142,145,139,140,146,137,142,143,148,144,137,151,135,148,148,137,133,130,130,134,129,135,131,123,129,123,147,133,140,129,139
154,142,146,140,146,137,149,144,143,143,137,146,142,140,144,139,127,136,131,124,129,132,126,129,128,128,143,130,133,136,131,137,136,145,137,141,137,131,141,134,133,139,138,135,139,136,143,139,144,136,137,130,141,146,143,132,138,139,148,140,138,143,148,147,141,132,132,129,130,127,133,126,127,126,118,149,126,143,130,141
167,136,148,141,144,145,139,137,140,141,145,145,143,141,149,146,137,132,130,126,135,127,133,129,128,126,136,134,124,130,137,135,136,136,131,133,138,134,133,134,138,143,136,133,141,137,147,143,146,143,137,141,131,138,137,141,141,143,143,136,150,143,141,145,141,129,131,131,132,131,131,124,126,124,121,148,126,140,132,142
162,147,148,142,145,139,141,145,138,142,142,141,141,136,147,144,137,132,136,131,130,126,134,135,132,132,135,138,131,125,139,127,144,137,136,140,142,133,136,141,139,146,139,137,143,133,137,138,143,145,143,142,139,145,139,137,141,149,142,135,151,138,145,150,139,133,134,129,136,133,129,128,123,125,123,146,137,145,124,138
157,140,142,146,144,141,141,143,143,139,143,141,145,141,147,142,129,137,131,128,127,134,125,133,130,131,141,132,132,133,133,136,137,139,138,140,143,132,139,137,133,137,142,137,140,131,142,136,142,137,140,135,140,143,145,131,142,146,147,140,138,139,150,146,142,131,132,130,130,125,134,123,126,128,121,150,127,140,134,135
163,139,150,139,145,140,144,143,141,145,143,147,148,143,151,143,135,135,127,122,133,132,130,127,125,122,139,130,126,132,134,137,139,137,131,134,136,136,131,132,136,132,133,138,142,137,145,142,147,144,134,134,135,141,143,133,137,139,147,138,144,142,142,144,141,129,130,133,128,132,131,125,130,121,118,149,128,140,130,142
154,141,148,140,141,145,135,142,141,146,142,141,139,137,147,144,136,128,134,130,132,125,137,134,135,130,133,139,127,127,140,130,142,135,136,136,141,133,137,141,142,143,140,135,144,136,142,141,144,145,143,141,134,135,138,135,142,149,139,132,150,140,145,150,141,131,134,128,128,132,128,127,123,127,122,147,133,142,128,135
151,143,147,143,145,138,144,144,139,138,140,142,145,139,142,141,129,136,135,131,125,132,127,135,137,131,139,134,134,133,135,134,141,137,139,134,142,130,137,138,131,144,138,135,135,128,141,135,141,142,140,136,135,142,143,132,144,147,146,139,144,137,145,147,139,131,131,130,128,125,135,127,127,127,122,150,129,139,132,135
152,141,142,137,144,143,139,142,145,144,141,146,144,137,149,140,128,137,127,121,135,135,128,127,126,123,145,129,132,137,134,140,135,139,135,135,137,134,137,133,135,136,141,138,136,135,146,137,144,138,137,131,137,142,145,130,136,140,147,140,143,142,145,142,143,130,129,134,128,126,128,121,129,122,118,149,126,138,132,137
153,137,151,139,138,140,140,143,140,143,145,145,142,138,150,143,136,128,133,130,134,127,137,130,130,125,135,135,125,126,139,135,144,129,135,130,140,136,129,136,144,141,130,135,141,132,143,139,144,145,138,141,130,133,134,135,141,145,138,130,148,143,139,150,139,131,135,127,131,130,128,128,129,124,122,146,131,140,130,140
149,144,149,140,143,143,140,145,138,143,138,144,144,137,150,141,132,134,136,132,127,130,133,138,136,133,140,137,131,133,139,132,136,134,138,141,143,129,136,139,142,141,143,132,139,126,140,130,139,142,142,138,137,141,141,135,143,148,143,138,145,138,144,153,139,132,132,132,127,127,131,129,126,129,122,147,131,141,128,137
150,139,146,140,143,136,144,141,140,141,143,145,142,139,143,140,127,138,128,124,129,133,127,130,128,126,143,127,133,134,131,137,128,137,137,137,139,129,134,133,141,140,137,137,136,134,145,137,144,135,140,131,136,141,146,131,139,142,147,143,138,143,142,144,141,129,130,131,127,125,126,122,124,122,117,150,125,134,134,137
156,139,153,138,135,145,142,138,137,143,140,144,136,136,149,145,133,130,132,127,135,129,135,130,126,125,141,134,127,129,139,137,133,130,129,133,139,135,127,134,149,142,133,136,144,132,144,138,146,140,137,141,132,131,141,133,142,142,142,133,143,144,134,147,140,134,135,130,128,122,126,128,131,126,124,146,132,140,129,139
149,144,148,139,141,140,138,149,130,141,143,144,139,134,145,141,136,131,136,133,130,126,135,138,131,133,136,138,131,128,140,129,136,132,135,142,143,133,130,138,151,142,141,130,141,129,139,132,141,141,144,143,134,139,138,137,142,148,143,135,144,133,139,149,140,130,134,133,131,128,132,128,124,125,125,150,137,142,131,137
145,143,141,139,137,137,140,141,137,138,137,145,145,142,144,140,126,136,132,127,126,134,126,134,131,129,144,130,135,134,131,139,132,134,140,135,142,126,139,132,145,136,134,138,136,128,143,134,142,132,142,132,140,142,145,133,139,144,147,144,134,142,140,144,141,128,130,129,131,129,130,129,128,127,119,148,126,141,129,136
146,138,148,136,133,145,141,144,135,144,142,146,140,134,151,141,133,134,128,123,135,134,133,130,122,122,138,131,125,133,138,138,133,130,128,133,137,133,130,130,149,131,135,140,146,134,145,136,142,139,135,133,134,136,141,135,132,140,145,135,143,144,137,144,143,134,135,133,128,130,126,126,130,122,120,151,127,139,127,143
149,139,152,140,137,138,134,142,129,147,140,145,136,132,144,141,136,128,135,130,133,124,137,136,131,132,133,138,127,124,141,131,135,129,139,135,140,129,127,135,149,139,136,132,145,130,142,137,139,141,141,133,134,137,137,139,139,148,134,133,143,140,139,149,141,133,131,134,129,131,122,125,128,127,120,145,135,140,126,139
145,144,145,139,139,141,140,143,137,137,139,143,143,135,145,134,128,134,133,132,127,134,127,137,133,132,138,134,132,135,135,136,129,136,137,142,141,125,137,136,140,135,137,138,138,128,142,133,133,136,140,129,141,142,142,134,138,149,141,142,137,140,143,146,140,128,130,131,126,126,131,131,129,129,120,154,124,145,130,140
148,143,146,135,139,139,138,134,140,140,142,146,143,134,146,139,130,135,126,122,134,135,132,130,120,121,138,129,128,134,134,139,132,134,134,132,138,128,130,128,144,132,135,141,137,136,146,139,140,138,129,127,131,137,141,129,132,139,138,139,140,142,136,140,144,133,136,131,130,129,125,127,132,125,119,153,128,137,131,140
149,135,152,135,136,143,130,137,133,142,145,144,140,129,146,131,137,128,131,131,135,123,133,134,129,127,131,136,124,127,140,132,135,130,131,133,143,130,128,134,147,133,132,137,140,133,144,139,139,141,136,132,133,135,134,138,142,148,133,128,147,141,136,147,142,134,132,135,128,129,125,131,130,128,120,148,130,141,125,143
143,143,143,135,143,139,136,136,138,138,136,140,143,122,146,132,128,135,135,133,127,128,123,138,131,129,136,133,132,132,139,134,133,132,141,141,140,125,133,136,141,134,142,138,127,125,138,131,131,139,140,132,139,139,142,136,142,143,137,135,139,136,143,150,141,131,132,131,125,123,129,131,131,127,120,150,128,146,135,133
139,140,141,128,138,139,137,135,139,139,142,146,142,130,142,132,128,137,122,126,130,133,119,130,125,121,141,125,131,135,131,139,131,138,142,138,138,129,132,129,139,129,133,139,122,136,146,138,140,135,134,128,138,140,147,129,134,138,138,131,137,145,139,147,143,134,137,134,131,125,124,124,134,128,118,156,129,135,131,142
143,139,148,131,135,142,137,139,132,139,141,148,137,133,147,135,135,128,131,127,135,127,123,131,126,123,132,131,124,128,139,137,133,128,127,129,142,132,128,133,148,133,135,140,131,137,146,134,138,138,133,133,130,131,141,136,139,140,133,125,142,142,139,149,141,135,135,134,129,132,123,128,132,126,121,151,133,142,129,138
141,144,148,132,144,141,130,137,132,132,141,137,139,128,147,129,135,132,135,133,126,127,124,138,133,129,136,134,130,129,141,131,135,134,138,139,143,129,135,136,143,139,139,136,130,127,141,136,134,141,138,133,138,138,139,136,142,141,134,129,145,135,142,155,142,130,131,130,128,132,126,128,127,129,123,152,132,142,128,141
139,142,144,132,133,135,135,138,139,134,138,145,144,131,145,126,126,134,128,126,128,134,114,133,128,127,142,126,135,134,130,138,132,136,139,138,142,128,137,130,142,128,139,140,124,134,141,137,136,137,137,126,139,142,145,129,137,136,138,136,138,142,142,152,142,138,135,133,130,124,129,128,131,130,119,152,127,140,132,138
138,139,149,131,133,143,139,131,136,137,144,145,137,133,145,134,134,131,126,123,134,131,123,130,124,120,136,130,125,129,141,140,133,133,134,133,140,131,127,129,142,132,133,140,132,134,140,136,140,140,134,131,128,137,146,136,136,138,139,128,144,142,137,151,143,134,134,132,132,129,125,123,134,127,123,153,136,141,132,145
142,139,147,133,137,139,132,137,133,137,142,140,138,128,147,134,134,126,132,133,132,128,125,138,129,132,136,134,128,124,141,132,136,132,136,137,144,133,132,137,141,133,136,137,129,132,131,138,138,145,139,132,135,136,140,137,140,140,131,133,147,137,142,156,140,132,134,129,133,132,126,131,129,126,122,151,132,146,126,138
136,143,150,135,140,141,137,139,132,133,136,140,141,132,146,130,128,133,133,133,126,132,116,137,133,129,141,131,134,133,136,136,134,136,142,138,144,125,140,134,136,133,137,141,126,135,132,132,135,140,140,129,136,138,145,136,140,140,139,131,138,137,144,155,141,134,136,134,136,129,131,128,130,131,125,154,128,144,133,142
137,134,150,136,95,149,140,146,144,132,142,120,136,140,143,143,137,140,135,138,133,132,133,135,133,129,133,135,131,131,134,131,132,0,135,131,132,140,140,0,96,107,161,129,129,135,134,138,136,133,134,135,135,138,140,145,130,136,142,134,194,145,100,135,0,149,134,130,129,150,193,177,131,143,133,125,144,183,153,144
